city,type,divide,count_ip,sum_date,freq,order
Dingxi Shi,2015.9-2016.2,1天,5866,5866,30495,1
Beijing,2015.9-2016.2,1天,23214,23214,74718,1
Guangzhou Shi,2015.9-2016.2,1天,8294,8294,32251,1
Lanzhou Shi,2015.9-2016.2,1天,3273,3273,12035,1
Shanghai,2015.9-2016.2,1天,10344,10344,29927,1
Hangzhou Shi,2015.9-2016.2,1天,4042,4042,14502,1
Guangzhou Shi,2017,1天,54380,54380,185869,1
Beijing,2017,1天,102477,102477,320707,1
Dingxi Shi,2017,1天,97258,97258,318800,1
Hangzhou Shi,2017,1天,31466,31466,100342,1
Shanghai,2017,1天,67227,67227,192888,1
Lanzhou Shi,2017,1天,10111,10111,30392,1
Hangzhou Shi,2015.9-2016.2,2天,550,1100,4092,2
Dingxi Shi,2015.9-2016.2,2天,770,1540,8913,2
Beijing,2015.9-2016.2,2天,5129,10258,37319,2
Shanghai,2015.9-2016.2,2天,2111,4222,16881,2
Guangzhou Shi,2015.9-2016.2,2天,1599,3198,17039,2
Lanzhou Shi,2015.9-2016.2,2天,767,1534,6048,2
Beijing,2017,2天,25726,51452,201378,2
Shanghai,2017,2天,16928,33856,111371,2
Dingxi Shi,2017,2天,24757,49514,204999,2
Guangzhou Shi,2017,2天,12615,25230,115664,2
Lanzhou Shi,2017,2天,2422,4844,15574,2
Hangzhou Shi,2017,2天,6114,12228,53078,2
Beijing,2015.9-2016.2,3天,2506,7518,25633,3
Dingxi Shi,2015.9-2016.2,3天,291,873,4989,3
Guangzhou Shi,2015.9-2016.2,3天,583,1749,8212,3
Lanzhou Shi,2015.9-2016.2,3天,388,1164,3774,3
Shanghai,2015.9-2016.2,3天,874,2622,9889,3
Hangzhou Shi,2015.9-2016.2,3天,176,528,2020,3
Beijing,2017,3天,10105,30315,116837,3
Guangzhou Shi,2017,3天,4184,12552,66099,3
Dingxi Shi,2017,3天,9422,28266,126429,3
Shanghai,2017,3天,7439,22317,78572,3
Hangzhou Shi,2017,3天,2444,7332,34821,3
Lanzhou Shi,2017,3天,1187,3561,11306,3
Dingxi Shi,2015.9-2016.2,4-7天,382,1917,10289,4
Guangzhou Shi,2015.9-2016.2,4-7天,763,3884,12604,4
Shanghai,2015.9-2016.2,4-7天,1213,6111,24244,4
Hangzhou Shi,2015.9-2016.2,4-7天,142,709,2648,4
Beijing,2015.9-2016.2,4-7天,3644,18608,67624,4
Lanzhou Shi,2015.9-2016.2,4-7天,683,3550,13552,4
Beijing,2017,4-7天,12144,61087,348754,4
Hangzhou Shi,2017,4-7天,2330,11236,97943,4
Dingxi Shi,2017,4-7天,10075,50459,200010,4
Shanghai,2017,4-7天,9439,47363,172650,4
Guangzhou Shi,2017,4-7天,3690,18087,67951,4
Lanzhou Shi,2017,4-7天,2068,10532,35761,4
Guangzhou Shi,2015.9-2016.2,8-15天,520,5617,21492,5
Dingxi Shi,2015.9-2016.2,8-15天,218,2290,10043,5
Shanghai,2015.9-2016.2,8-15天,647,6955,23802,5
Beijing,2015.9-2016.2,8-15天,2042,21952,74489,5
Hangzhou Shi,2015.9-2016.2,8-15天,82,837,2751,5
Lanzhou Shi,2015.9-2016.2,8-15天,412,4472,19929,5
Shanghai,2017,8-15天,4077,42971,171933,5
Dingxi Shi,2017,8-15天,3845,39547,178807,5
Hangzhou Shi,2017,8-15天,674,7225,57838,5
Beijing,2017,8-15天,7128,76693,262163,5
Guangzhou Shi,2017,8-15天,1334,14050,45145,5
Lanzhou Shi,2017,8-15天,1179,12657,48090,5
Beijing,2015.9-2016.2,16-30天,1134,24064,85952,6
Dingxi Shi,2015.9-2016.2,16-30天,86,1873,9928,6
Shanghai,2015.9-2016.2,16-30天,399,8424,34446,6
Lanzhou Shi,2015.9-2016.2,16-30天,233,4936,21113,6
Guangzhou Shi,2015.9-2016.2,16-30天,307,6664,26709,6
Hangzhou Shi,2015.9-2016.2,16-30天,87,1987,6400,6
Beijing,2017,16-30天,4369,94570,303713,6
Dingxi Shi,2017,16-30天,1270,27044,114012,6
Guangzhou Shi,2017,16-30天,836,18024,60273,6
Shanghai,2017,16-30天,2006,43437,189227,6
Hangzhou Shi,2017,16-30天,407,8867,77257,6
Lanzhou Shi,2017,16-30天,555,11846,55531,6
Shanghai,2015.9-2016.2,30天以上,498,42702,625208,7
Guangzhou Shi,2015.9-2016.2,30天以上,300,18828,112650,7
Beijing,2015.9-2016.2,30天以上,839,51472,381062,7
Lanzhou Shi,2015.9-2016.2,30天以上,150,7961,57669,7
Hangzhou Shi,2015.9-2016.2,30天以上,120,6700,33261,7
Dingxi Shi,2015.9-2016.2,30天以上,69,3276,16821,7
Shanghai,2017,30天以上,2371,221435,1999224,7
Beijing,2017,30天以上,4681,363856,2253847,7
Dingxi Shi,2017,30天以上,1469,121493,1004611,7
Guangzhou Shi,2017,30天以上,1585,140189,824567,7
Lanzhou Shi,2017,30天以上,429,34790,212236,7
Hangzhou Shi,2017,30天以上,609,70909,540876,7
