hour,bj,sh,dx,tw,hk,gz,nj,wh,hz,cd
0,25988,10059,8161,11652,34414,4038,3575,2786,8594,1253
1,31414,14583,13421,13690,34350,5917,4503,3587,10111,1981
2,36753,23325,21342,20240,36484,10400,8623,6433,13577,4545
3,112752,84669,53868,45136,45311,39351,33968,29724,30049,19486
4,260779,200867,110435,90030,77608,85856,87459,71540,57086,56978
5,332923,266534,149682,129942,100272,113309,116446,95999,73069,80272
6,273689,204804,128969,144417,101032,107457,85696,77104,55982,70766
7,137515,123064,84497,85587,73068,47545,48773,34662,38683,32284
8,179153,178759,92246,110972,77381,56776,65072,40097,50246,39281
9,267574,230070,119227,149372,97091,82649,95488,65191,67196,57750
10,329823,255511,147808,163159,106871,111992,116919,91862,75402,77690
11,337053,248535,158155,163118,108339,123430,118989,97672,73844,84818
12,243329,157111,125839,131787,96645,93131,77558,67949,46322,63438
13,146037,104182,93647,79298,71753,49630,46614,39468,39889,31830
14,163303,124991,108508,68853,67094,56879,63857,55237,48010,38168
15,206469,156391,142942,86959,70051,77365,84920,71664,59627,53886
16,222380,168808,168711,102520,71096,87772,89698,75438,62720,60717
17,189896,145552,156671,108905,70877,81262,71655,52852,53389,54185
18,122779,99305,114810,102992,64318,60244,42327,33871,36824,38961
19,70301,53579,67348,77586,52757,35251,20055,17468,20588,20313
20,42433,27808,38136,49722,44916,17060,10029,8758,12610,8414
21,29444,15434,21496,30470,40659,8678,5441,4721,10289,3926
22,23049,12132,12975,19228,38250,5529,3894,3535,9647,2071
23,22563,9792,8774,13391,36363,4047,3499,3085,8401,1607
