date,freq1,freq2,freq3,freq4,type
2017-01-01,1604,2357,599,3362,北京
2017-01-02,2427,3276,876,4827,北京
2017-01-03,4097,5780,792,9085,北京
2017-01-04,4359,6177,1212,9324,北京
2017-01-05,4292,5485,808,8969,北京
2017-01-06,3992,4874,780,8086,北京
2017-01-07,2617,3547,884,5280,北京
2017-01-08,2292,3807,880,5219,北京
2017-01-09,4528,6137,1003,9662,北京
2017-01-10,4681,5447,825,9303,北京
2017-01-11,6623,5498,790,11331,北京
2017-01-12,6158,5722,824,11056,北京
2017-01-13,5986,5179,805,10360,北京
2017-01-14,3757,3764,760,6761,北京
2017-01-15,2765,3490,858,5397,北京
2017-01-16,5369,5541,942,9968,北京
2017-01-17,5723,5759,833,10649,北京
2017-01-18,5317,4946,748,9515,北京
2017-01-19,4013,4384,721,7676,北京
2017-01-20,2952,3919,815,6056,北京
2017-01-21,1716,2620,803,3533,北京
2017-01-22,1828,3224,813,4239,北京
2017-01-23,1762,2212,484,3490,北京
2017-01-24,1103,1891,352,2642,北京
2017-01-25,922,1143,432,1633,北京
2017-01-26,564,729,314,979,北京
2017-01-27,171,174,100,245,北京
2017-01-28,244,352,150,446,北京
2017-01-29,335,515,363,487,北京
2017-01-30,314,635,289,660,北京
2017-01-31,380,708,337,751,北京
2017-02-01,595,985,349,1231,北京
2017-02-02,892,1382,442,1832,北京
2017-02-03,1347,2616,571,3392,北京
2017-02-04,1604,2701,591,3714,北京
2017-02-05,1121,1684,444,2361,北京
2017-02-06,2822,4591,665,6748,北京
2017-02-07,3610,5020,723,7907,北京
2017-02-08,3741,6116,896,8961,北京
2017-02-09,3601,5788,856,8533,北京
2017-02-10,3834,5191,680,8345,北京
2017-02-11,1689,2751,635,3805,北京
2017-02-12,2243,3705,729,5219,北京
2017-02-13,4641,6253,909,9985,北京
2017-02-14,3905,6450,878,9477,北京
2017-02-15,4267,6809,869,10207,北京
2017-02-16,4183,6725,935,9973,北京
2017-02-17,3785,5964,805,8944,北京
2017-02-18,2179,4247,645,5781,北京
2017-02-19,2607,4378,891,6094,北京
2017-02-21,4490,7372,992,10870,北京
2017-02-22,5064,7632,1048,11648,北京
2017-02-23,5248,8724,809,13163,北京
2017-02-24,4315,6541,722,10134,北京
2017-02-25,2735,4851,866,6720,北京
2017-02-26,2782,4939,1064,6657,北京
2017-02-27,5528,7866,1002,12392,北京
2017-02-28,5653,7804,1036,12421,北京
2017-03-01,5963,8507,1011,13459,北京
2017-03-02,5679,8037,1133,12583,北京
2017-03-03,5535,7568,1038,12065,北京
2017-03-04,3044,4697,855,6886,北京
2017-03-05,3130,5142,1082,7190,北京
2017-03-06,6007,8538,1165,13380,北京
2017-03-07,6311,8394,1145,13560,北京
2017-03-08,6234,8466,1002,13698,北京
2017-03-09,6755,8957,901,14811,北京
2017-03-10,6387,7626,876,13137,北京
2017-03-11,3029,4833,975,6887,北京
2017-03-12,2826,4439,1005,6260,北京
2017-03-13,6792,9455,1373,14874,北京
2017-03-14,6782,8303,968,14117,北京
2017-03-15,5833,7732,1056,12509,北京
2017-03-16,6677,7494,964,13207,北京
2017-03-17,4536,6920,922,10534,北京
2017-03-18,3045,4749,1129,6665,北京
2017-03-19,3327,5791,1295,7823,北京
2017-03-20,5505,8261,1169,12597,北京
2017-03-21,7487,7544,1137,13894,北京
2017-03-22,6560,8186,995,13751,北京
2017-03-23,6054,9256,1111,14199,北京
2017-03-24,5545,8374,906,13013,北京
2017-03-25,3519,5736,828,8427,北京
2017-03-26,3284,6437,1317,8404,北京
2017-03-27,6152,9360,1247,14265,北京
2017-03-29,6294,7633,1106,12821,北京
2017-03-30,6576,7136,973,12739,北京
2017-03-31,5076,6560,1057,10579,北京
2017-04-01,4213,5462,902,8773,北京
2017-04-02,2051,3080,697,4434,北京
2017-04-03,2177,4147,898,5426,北京
2017-04-04,2617,4756,1193,6180,北京
2017-04-05,6845,8246,1112,13979,北京
2017-04-06,5999,8469,1305,13163,北京
2017-04-07,5038,7178,1085,11131,北京
2017-04-08,3172,4883,981,7074,北京
2017-04-09,3368,5008,1064,7312,北京
2017-04-10,6070,8214,1094,13190,北京
2017-04-11,5280,7871,1319,11832,北京
2017-04-12,5711,7612,1151,12172,北京
2017-04-13,5723,7185,977,11931,北京
2017-04-14,5653,6747,1092,11308,北京
2017-04-15,2846,3679,671,5854,北京
2017-04-16,3183,4916,1316,6783,北京
2017-04-17,6971,8193,1176,13988,北京
2017-04-18,7339,8271,1355,14255,北京
2017-04-19,7073,8259,1285,14047,北京
2017-04-20,6222,7366,1016,12572,北京
2017-04-30,1870,3523,1003,4390,北京
2017-05-01,1916,3717,911,4722,北京
2017-05-02,4351,7139,1030,10460,北京
2017-05-03,4871,7485,1075,11281,北京
2017-05-04,4662,7163,1198,10627,北京
2017-05-05,5108,6022,826,10304,北京
2017-05-06,2643,4733,1004,6372,北京
2017-05-07,2357,4721,1026,6052,北京
2017-05-08,4597,8196,1166,11627,北京
2017-05-09,4647,7168,1157,10658,北京
2017-05-10,6406,7321,1038,12689,北京
2017-05-11,5687,7709,1111,12285,北京
2017-05-12,4723,6186,792,10117,北京
2017-05-13,1921,3956,946,4931,北京
2017-05-14,1942,4082,1067,4957,北京
2017-05-15,3937,7175,1040,10072,北京
2017-05-16,4657,7779,1055,11381,北京
2017-05-17,5153,7695,1233,11615,北京
2017-05-18,4944,7842,925,11861,北京
2017-05-19,4133,5416,691,8858,北京
2017-05-20,2099,3820,902,5017,北京
2017-05-21,2015,4450,1089,5376,北京
2017-05-22,4331,7396,1102,10625,北京
2017-05-23,4069,7372,1004,10437,北京
2017-05-24,4580,7476,877,11179,北京
2017-05-25,4436,6728,977,10187,北京
2017-05-26,4266,6474,797,9943,北京
2017-05-27,3385,5234,674,7945,北京
2017-05-28,1606,3218,815,4009,北京
2017-05-29,1980,3295,689,4586,北京
2017-05-30,2578,4055,1089,5544,北京
2017-06-01,5365,6795,778,11382,北京
2017-06-02,4833,6308,788,10353,北京
2017-06-03,2872,4167,1012,6027,北京
2017-06-04,2734,4952,1290,6396,北京
2017-06-05,4809,7213,1029,10993,北京
2017-06-06,4805,8089,1072,11822,北京
2017-06-07,5219,7908,1159,11968,北京
2017-06-08,4323,6982,1008,10297,北京
2017-06-09,3984,5577,768,8793,北京
2017-06-10,2416,3503,614,5305,北京
2017-06-11,2452,4117,1002,5567,北京
2017-06-12,4313,6934,934,10313,北京
2017-06-13,4652,7594,1056,11190,北京
2017-06-14,5114,7256,878,11492,北京
2017-06-15,4921,7558,892,11587,北京
2017-06-16,4818,6402,652,10568,北京
2017-06-17,2377,3445,842,4980,北京
2017-06-18,2746,3959,942,5763,北京
2017-06-19,5087,7232,877,11442,北京
2017-06-20,5590,7589,998,12181,北京
2017-06-21,6958,8023,1137,13844,北京
2017-06-22,7052,7658,937,13773,北京
2017-06-23,7033,6138,762,12409,北京
2017-06-24,3905,3627,751,6781,北京
2017-06-25,4249,4423,1115,7557,北京
2017-06-26,6515,7265,888,12892,北京
2017-06-27,6263,7428,890,12801,北京
2017-06-28,6037,7936,1087,12886,北京
2017-06-29,7448,7787,1053,14182,北京
2017-06-30,6388,6747,949,12186,北京
2017-07-01,3099,4288,933,6454,北京
2017-07-02,3465,5483,1270,7678,北京
2017-07-03,7184,8658,1025,14817,北京
2017-07-04,6743,7906,1050,13599,北京
2017-07-05,6707,8457,1335,13829,北京
2017-07-06,7435,9034,1280,15189,北京
2017-07-07,6046,6785,886,11945,北京
2017-07-08,3209,4098,795,6512,北京
2017-07-09,2993,4948,1264,6677,北京
2017-07-10,7308,8215,1212,14311,北京
2017-07-11,7558,7842,1140,14260,北京
2017-07-12,6474,8266,1158,13582,北京
2017-07-13,6554,8378,1225,13707,北京
2017-07-14,5918,7530,1194,12254,北京
2017-07-15,3510,4133,1072,6571,北京
2017-07-16,4014,4827,1131,7710,北京
2017-07-17,7409,7477,1133,13753,北京
2017-07-18,7335,8475,1195,14615,北京
2017-07-19,7406,7827,1186,14047,北京
2017-07-20,7335,7855,1147,14043,北京
2017-07-21,6098,7006,896,12208,北京
2017-07-22,3336,4016,895,6457,北京
2017-07-23,3948,5271,1160,8059,北京
2017-07-24,6143,7233,1071,12305,北京
2017-07-25,7004,8049,1082,13971,北京
2017-07-26,6687,7601,1107,13181,北京
2017-07-27,6720,7587,1199,13108,北京
2017-07-28,5796,7211,1120,11887,北京
2017-07-29,3504,4005,946,6563,北京
2017-07-30,3078,4251,1095,6234,北京
2017-07-31,7151,7020,1381,12790,北京
2017-08-01,7569,6868,1337,13100,北京
2017-08-02,6876,7180,1202,12854,北京
2017-08-03,6759,7053,1137,12675,北京
2017-08-04,5177,5586,818,9945,北京
2017-08-05,3209,3982,952,6239,北京
2017-08-06,3544,4622,1316,6850,北京
2017-08-07,6381,6817,1169,12029,北京
2017-08-08,6438,6975,1215,12198,北京
2017-08-09,6529,6887,1202,12214,北京
2017-08-10,9659,7358,1270,15747,北京
2017-08-11,6980,7189,1245,12924,北京
2017-08-12,3749,4353,1176,6926,北京
2017-08-13,3754,4768,1407,7115,北京
2017-08-14,10159,9022,1450,17731,北京
2017-08-15,15266,8487,1380,22373,北京
2017-08-16,57267,8622,1265,64624,北京
2017-08-17,19942,8655,1324,27273,北京
2017-08-18,7091,7371,1048,13414,北京
2017-08-20,4438,5214,1514,8138,北京
2017-08-21,8731,8470,1335,15866,北京
2017-08-22,7509,9385,1311,15583,北京
2017-08-23,8137,7933,1159,14911,北京
2017-08-24,7904,7181,1103,13982,北京
2017-08-25,7554,7918,959,14513,北京
2017-08-26,3597,4209,999,6807,北京
2017-08-27,4167,5018,1258,7927,北京
2017-08-28,7289,7812,1214,13887,北京
2017-08-29,8737,8293,1243,15787,北京
2017-08-30,8488,8534,1431,15591,北京
2017-08-31,8557,8771,1267,16061,北京
2017-09-01,7630,7115,1229,13516,北京
2017-09-02,5921,4726,1182,9465,北京
2017-09-03,5281,5464,1305,9440,北京
2017-09-04,9354,8800,1311,16843,北京
2017-09-05,8797,9043,1245,16595,北京
2017-09-06,7633,8487,1232,14888,北京
2017-09-07,6805,7820,1220,13405,北京
2017-09-08,6436,6567,935,12068,北京
2017-09-09,4709,4787,825,8671,北京
2017-09-10,4892,5008,1247,8653,北京
2017-09-11,7350,7992,1307,14035,北京
2017-09-12,7229,7514,1210,13533,北京
2017-09-13,7594,4729,830,11493,北京
2017-09-14,6823,5383,804,11402,北京
2017-09-15,5517,4418,653,9282,北京
2017-09-16,3984,4026,671,7339,北京
2017-09-17,3965,4103,827,7241,北京
2017-09-18,6939,6149,993,12095,北京
2017-09-19,9841,6041,929,14953,北京
2017-09-20,9407,7025,971,15461,北京
2017-09-21,11754,5717,891,16580,北京
2017-09-22,9839,7328,675,16492,北京
2017-09-23,4733,4776,817,8692,北京
2017-09-24,3983,6245,1039,9189,北京
2017-09-25,17395,7278,947,23726,北京
2017-09-26,17607,5884,931,22560,北京
2017-09-27,25416,6392,739,31069,北京
2017-09-28,33602,8556,937,41221,北京
2017-09-29,16410,6057,711,21756,北京
2017-09-30,9604,6263,637,15230,北京
2017-10-01,1995,3715,561,5149,北京
2017-10-02,1953,3831,435,5349,北京
2017-10-03,1979,2331,563,3747,北京
2017-10-04,1796,1405,512,2689,北京
2017-10-05,2537,2229,678,4088,北京
2017-10-06,3927,2484,1050,5361,北京
2017-10-30,10504,10572,1405,19671,北京
2017-10-31,7832,10000,1107,16725,北京
2017-11-01,7039,8916,1077,14878,北京
2017-11-02,7053,8736,1240,14549,北京
2017-11-03,8362,6972,979,14355,北京
2017-11-04,3640,4485,1011,7114,北京
2017-11-05,4256,4711,1257,7710,北京
2017-11-06,8521,7286,1112,14695,北京
2017-11-07,8113,8271,1240,15144,北京
2017-11-08,8418,6874,1235,14057,北京
2017-11-09,7963,6552,934,13581,北京
2017-11-10,7067,6045,909,12203,北京
2017-11-11,4617,3163,865,6915,北京
2017-11-12,5671,4709,1287,9093,北京
2017-11-13,8655,7827,1302,15180,北京
2017-11-14,8382,7968,1190,15160,北京
2017-11-15,8951,9944,1995,16900,北京
2017-11-16,9238,9539,1312,17465,北京
2017-11-17,8065,6564,1050,13579,北京
2017-11-18,5618,3944,996,8566,北京
2017-11-19,4541,4232,1365,7408,北京
2017-11-20,8251,7194,1231,14214,北京
2017-11-21,9377,6566,1213,14730,北京
2017-11-22,7470,5046,862,11654,北京
2017-11-23,5409,4325,849,8885,北京
2017-11-24,4332,3568,835,7065,北京
2017-11-25,2737,2685,908,4514,北京
2017-11-26,3149,3191,1230,5110,北京
2017-11-27,5857,5214,1219,9852,北京
2017-11-28,6914,5230,1104,11040,北京
2017-11-29,5470,4820,969,9321,北京
2017-11-30,5938,6525,907,11556,北京
2017-12-01,6026,6384,738,11672,北京
2017-12-02,3045,4299,919,6425,北京
2017-12-03,3697,5015,1246,7466,北京
2017-12-04,7590,7133,1152,13571,北京
2017-12-05,6071,6440,1013,11498,北京
2017-12-06,8136,6003,1052,13087,北京
2017-12-07,5590,5697,641,10646,北京
2017-12-08,6201,6504,604,12101,北京
2017-12-09,3964,3433,1130,6267,北京
2017-12-10,4589,3227,1012,6804,北京
2017-12-11,8346,6834,1193,13987,北京
2017-12-12,3960,3835,457,7338,北京
2017-12-13,8325,6212,1100,13437,北京
2017-12-14,9578,5750,1081,14247,北京
2017-12-15,8191,6299,1022,13468,北京
2017-12-16,148,1,11,138,北京
2017-12-17,5655,4753,1214,9194,北京
2017-12-18,8497,4946,1211,12232,北京
2017-12-19,8277,4331,1072,11536,北京
2017-12-20,7185,4036,852,10369,北京
2017-12-21,7490,5022,844,11668,北京
2017-12-22,7009,5039,749,11299,北京
2017-12-23,4663,2497,995,6165,北京
2017-12-24,4508,2932,1200,6240,北京
2017-12-25,7913,6148,1070,12991,北京
2017-12-26,8936,7628,1087,15477,北京
2017-12-27,8286,4133,1098,11321,北京
2017-12-28,9111,3608,1077,11642,北京
2017-12-29,6986,2900,764,9122,北京
2017-12-30,3904,1815,890,4829,北京
2017-12-31,3326,1821,839,4308,北京
2017-01-01,2727,1929,620,4036,上海
2017-01-02,3062,2625,643,5044,上海
2017-01-03,3720,4045,550,7215,上海
2017-01-04,4549,4234,514,8269,上海
2017-01-05,4120,4103,467,7756,上海
2017-01-06,3822,3461,449,6834,上海
2017-01-07,3493,3615,696,6412,上海
2017-01-08,3515,3309,921,5903,上海
2017-01-09,3942,4006,508,7440,上海
2017-01-10,5323,3761,607,8477,上海
2017-01-11,5111,3881,595,8397,上海
2017-01-12,4517,4075,470,8122,上海
2017-01-13,4354,3318,395,7277,上海
2017-01-14,2648,2786,435,4999,上海
2017-01-15,2880,2799,633,5046,上海
2017-01-16,3795,3711,408,7098,上海
2017-01-17,5011,3495,474,8032,上海
2017-01-18,2871,4050,585,6336,上海
2017-01-19,3732,3001,382,6351,上海
2017-01-20,3726,2588,249,6065,上海
2017-01-21,1825,1651,295,3181,上海
2017-01-22,4057,2161,433,5785,上海
2017-01-23,3726,2215,640,5301,上海
2017-01-24,2712,1837,365,4184,上海
2017-01-25,3157,1065,290,3932,上海
2017-01-26,2102,671,206,2567,上海
2017-01-27,934,256,152,1038,上海
2017-01-28,1309,433,197,1545,上海
2017-01-29,1109,630,288,1451,上海
2017-01-30,1756,494,149,2101,上海
2017-01-31,1853,753,185,2421,上海
2017-02-01,2338,707,319,2726,上海
2017-02-02,2401,863,297,2967,上海
2017-02-03,2838,1720,346,4212,上海
2017-02-04,2587,2374,367,4594,上海
2017-02-05,2364,1895,518,3741,上海
2017-02-06,4320,3509,626,7203,上海
2017-02-07,4473,3608,490,7591,上海
2017-02-08,4299,3713,590,7422,上海
2017-02-09,5209,4024,582,8651,上海
2017-02-10,4716,3339,336,7719,上海
2017-02-11,2545,2389,460,4474,上海
2017-02-12,3507,2739,612,5634,上海
2017-02-13,4748,4092,546,8294,上海
2017-02-14,5066,4476,636,8906,上海
2017-02-15,5582,4487,545,9524,上海
2017-02-16,4558,4659,519,8698,上海
2017-02-17,5467,4436,539,9364,上海
2017-02-18,2711,2899,575,5035,上海
2017-02-19,3751,3042,763,6030,上海
2017-02-21,4640,5466,719,9387,上海
2017-02-22,5928,5310,704,10534,上海
2017-02-23,3552,5729,703,8578,上海
2017-02-24,4850,5028,548,9330,上海
2017-02-25,1936,3145,579,4502,上海
2017-02-26,3623,3532,751,6404,上海
2017-02-27,5454,5443,659,10238,上海
2017-02-28,3554,5392,601,8345,上海
2017-03-01,5923,5198,635,10486,上海
2017-03-02,4815,5027,698,9144,上海
2017-03-03,5755,4152,611,9296,上海
2017-03-04,4127,2954,633,6448,上海
2017-03-05,2280,3564,851,4993,上海
2017-03-06,6597,4967,533,11031,上海
2017-03-07,6025,5368,640,10753,上海
2017-03-08,4482,5068,543,9007,上海
2017-03-09,6073,5391,610,10854,上海
2017-03-10,4436,4234,522,8148,上海
2017-03-11,3213,2809,615,5407,上海
2017-03-12,3315,3579,823,6071,上海
2017-03-13,6300,6428,731,11997,上海
2017-03-14,5280,5795,613,10462,上海
2017-03-15,5047,5091,663,9475,上海
2017-03-16,5267,5181,612,9836,上海
2017-03-17,4682,4356,512,8526,上海
2017-03-18,2986,3723,794,5915,上海
2017-03-19,4226,3478,933,6771,上海
2017-03-20,5368,5529,693,10204,上海
2017-03-21,5810,5458,643,10625,上海
2017-03-22,5347,5310,792,9865,上海
2017-03-23,4195,5309,730,8774,上海
2017-03-24,5146,4815,603,9358,上海
2017-03-25,3248,3256,765,5739,上海
2017-03-26,2812,3903,1115,5600,上海
2017-03-27,6006,5856,670,11192,上海
2017-03-29,5597,5602,918,10281,上海
2017-03-30,5631,5601,757,10475,上海
2017-03-31,4469,5184,573,9080,上海
2017-04-01,4677,3627,576,7728,上海
2017-04-02,3164,2433,761,4836,上海
2017-04-03,2891,2395,561,4725,上海
2017-04-04,3266,3328,695,5899,上海
2017-04-05,5356,5627,683,10300,上海
2017-04-06,6184,5736,679,11241,上海
2017-04-07,4888,5420,834,9474,上海
2017-04-08,3945,3421,750,6616,上海
2017-04-09,4178,4384,846,7716,上海
2017-04-10,5341,5777,730,10388,上海
2017-04-11,5530,4951,737,9744,上海
2017-04-12,5133,5294,719,9708,上海
2017-04-13,5874,5481,750,10605,上海
2017-04-14,4759,4537,646,8650,上海
2017-04-15,3526,2882,845,5563,上海
2017-04-16,3923,3642,896,6669,上海
2017-04-17,6100,5889,809,11180,上海
2017-04-18,5691,5759,716,10734,上海
2017-04-19,5299,5636,675,10260,上海
2017-04-20,5240,6205,732,10713,上海
2017-04-30,2570,2409,592,4387,上海
2017-05-01,2374,3263,689,4948,上海
2017-05-02,5542,5351,662,10231,上海
2017-05-03,4877,5207,738,9346,上海
2017-05-04,5057,5324,669,9712,上海
2017-05-05,5005,5166,638,9533,上海
2017-05-06,3641,3913,675,6879,上海
2017-05-07,3559,3630,818,6371,上海
2017-05-08,3928,5888,782,9034,上海
2017-05-09,5444,5474,693,10225,上海
2017-05-10,5849,5650,762,10737,上海
2017-05-11,3875,5116,725,8266,上海
2017-05-12,4980,4034,582,8432,上海
2017-05-13,2626,2551,675,4502,上海
2017-05-14,3021,3249,785,5485,上海
2017-05-15,5222,5161,746,9637,上海
2017-05-16,4892,5012,729,9175,上海
2017-05-17,5449,5760,666,10543,上海
2017-05-18,4392,5270,603,9059,上海
2017-05-19,5217,3773,444,8546,上海
2017-05-20,3207,2439,779,4867,上海
2017-05-21,3366,3074,800,5640,上海
2017-05-22,5079,5386,808,9657,上海
2017-05-23,5091,5406,787,9710,上海
2017-05-24,5392,5468,782,10078,上海
2017-05-25,4366,5030,743,8653,上海
2017-05-26,4536,4456,464,8528,上海
2017-05-27,4618,3523,580,7561,上海
2017-05-28,2505,2091,612,3984,上海
2017-05-29,3140,2499,611,5028,上海
2017-05-30,3122,2897,765,5254,上海
2017-06-01,4226,4682,537,8371,上海
2017-06-02,4286,4299,450,8135,上海
2017-06-03,3447,3146,645,5948,上海
2017-06-04,2252,3836,898,5190,上海
2017-06-05,4688,5721,665,9744,上海
2017-06-06,5204,6124,1142,10186,上海
2017-06-07,4453,5310,718,9045,上海
2017-06-08,5345,4621,511,9455,上海
2017-06-09,5300,4140,558,8882,上海
2017-06-10,3749,2516,622,5643,上海
2017-06-11,3757,2746,732,5771,上海
2017-06-12,5187,5346,653,9880,上海
2017-06-13,4881,5623,888,9616,上海
2017-06-14,6028,5180,648,10560,上海
2017-06-15,4645,5548,989,9204,上海
2017-06-16,4650,3584,403,7831,上海
2017-06-17,1944,2367,532,3779,上海
2017-06-18,3894,2969,672,6191,上海
2017-06-19,4802,4826,579,9049,上海
2017-06-20,8196,4939,633,12502,上海
2017-06-21,10517,5013,633,14897,上海
2017-06-22,8610,5048,555,13103,上海
2017-06-23,7481,3840,394,10927,上海
2017-06-24,6017,2860,618,8259,上海
2017-06-25,5994,3417,772,8639,上海
2017-06-26,10045,5391,717,14719,上海
2017-06-27,8258,5571,668,13161,上海
2017-06-28,6970,5313,537,11746,上海
2017-06-29,5122,5534,804,9852,上海
2017-06-30,5771,4839,570,10040,上海
2017-07-01,4085,3306,747,6644,上海
2017-07-02,5742,3587,952,8377,上海
2017-07-03,7655,6137,954,12838,上海
2017-07-04,6083,6291,770,11604,上海
2017-07-05,9829,6997,916,15910,上海
2017-07-06,9233,6323,777,14779,上海
2017-07-07,8364,5640,681,13323,上海
2017-07-08,4937,3401,695,7643,上海
2017-07-09,6624,3880,1022,9482,上海
2017-07-10,10347,5930,732,15545,上海
2017-07-11,7719,5292,709,12302,上海
2017-07-12,6690,6076,749,12017,上海
2017-07-13,5446,5810,756,10500,上海
2017-07-14,4837,5102,615,9324,上海
2017-07-15,3033,3454,766,5721,上海
2017-07-16,3382,4001,1139,6244,上海
2017-07-17,4939,5769,721,9987,上海
2017-07-18,5835,6647,787,11695,上海
2017-07-19,5434,7931,739,12626,上海
2017-07-20,4809,8316,781,12344,上海
2017-07-21,4819,7394,641,11572,上海
2017-07-22,3667,6307,931,9043,上海
2017-07-23,2390,7390,1027,8753,上海
2017-07-24,5660,8749,783,13626,上海
2017-07-25,5361,8468,936,12893,上海
2017-07-26,4460,6220,701,9979,上海
2017-07-27,5450,5754,723,10481,上海
2017-07-28,4161,4995,658,8498,上海
2017-07-29,3418,2985,656,5747,上海
2017-07-30,2363,3850,1127,5086,上海
2017-07-31,5194,5711,770,10135,上海
2017-08-01,4844,6040,827,10057,上海
2017-08-02,4239,6524,787,9976,上海
2017-08-03,4988,6329,999,10318,上海
2017-08-04,4276,5787,831,9232,上海
2017-08-05,2842,3419,901,5360,上海
2017-08-06,2943,3870,1244,5569,上海
2017-08-07,5115,6726,1315,10526,上海
2017-08-08,4885,6998,927,10956,上海
2017-08-09,5597,7140,1110,11627,上海
2017-08-10,5574,6672,1017,11229,上海
2017-08-11,5007,5632,728,9911,上海
2017-08-12,3390,3624,884,6130,上海
2017-08-13,3975,4367,1149,7193,上海
2017-08-14,5854,6644,1138,11360,上海
2017-08-15,5191,6906,1033,11064,上海
2017-08-16,4734,6748,908,10574,上海
2017-08-17,4260,6545,924,9881,上海
2017-08-18,3788,5053,719,8122,上海
2017-08-20,2058,4426,1504,4980,上海
2017-08-21,5304,6656,908,11052,上海
2017-08-22,6157,6670,898,11929,上海
2017-08-23,4277,6683,938,10022,上海
2017-08-24,4081,6278,922,9437,上海
2017-08-25,4305,5376,728,8953,上海
2017-08-26,2553,3353,891,5015,上海
2017-08-27,2552,3761,1300,5013,上海
2017-08-28,4199,6209,950,9458,上海
2017-08-29,4206,7463,1379,10290,上海
2017-08-30,4029,6773,1138,9664,上海
2017-08-31,3898,6083,1002,8979,上海
2017-09-01,3943,5029,637,8335,上海
2017-09-02,2067,3446,1032,4481,上海
2017-09-03,2343,4066,1341,5068,上海
2017-09-04,4580,6459,922,10117,上海
2017-09-05,4596,6117,946,9767,上海
2017-09-06,4945,5927,781,10091,上海
2017-09-07,4421,5989,910,9500,上海
2017-09-08,4143,4511,643,8011,上海
2017-09-09,2274,3453,797,4930,上海
2017-09-10,2496,4544,1272,5768,上海
2017-09-11,4114,6757,890,9981,上海
2017-09-12,3971,5728,895,8804,上海
2017-09-13,3674,3943,733,6884,上海
2017-09-14,3929,4182,604,7507,上海
2017-09-15,3071,3896,574,6393,上海
2017-09-16,2262,2441,680,4023,上海
2017-09-17,2654,3034,1020,4668,上海
2017-09-18,4618,4618,833,8403,上海
2017-09-19,4780,4281,923,8138,上海
2017-09-20,5188,5462,923,9727,上海
2017-09-21,4757,4501,787,8471,上海
2017-09-22,3544,4143,616,7071,上海
2017-09-23,2186,2690,860,4016,上海
2017-09-24,2481,3203,1165,4519,上海
2017-09-25,4654,4559,886,8327,上海
2017-09-26,4158,4640,816,7982,上海
2017-09-27,4744,4506,935,8315,上海
2017-09-28,4343,3982,713,7612,上海
2017-09-29,3960,3913,688,7185,上海
2017-09-30,3232,3048,604,5676,上海
2017-10-01,1533,1542,555,2520,上海
2017-10-02,2227,1757,632,3352,上海
2017-10-03,1567,1515,574,2508,上海
2017-10-04,1716,1378,485,2609,上海
2017-10-05,1974,1738,531,3181,上海
2017-10-06,2810,2351,878,4283,上海
2017-10-30,6163,5328,1139,10352,上海
2017-10-31,5960,5171,1092,10039,上海
2017-11-01,5996,4697,1018,9675,上海
2017-11-02,6490,5200,1133,10557,上海
2017-11-03,5531,4594,828,9297,上海
2017-11-04,3584,2876,959,5501,上海
2017-11-05,4468,3418,1292,6594,上海
2017-11-06,6760,5108,1019,10849,上海
2017-11-07,6202,5629,970,10861,上海
2017-11-08,5628,5043,961,9710,上海
2017-11-09,5736,5510,1154,10092,上海
2017-11-10,5124,4141,812,8453,上海
2017-11-11,3032,2695,983,4744,上海
2017-11-12,3226,3876,1273,5829,上海
2017-11-13,6608,5996,1243,11361,上海
2017-11-14,6664,5647,1030,11281,上海
2017-11-15,6807,5795,1012,11590,上海
2017-11-16,7559,5325,1062,11822,上海
2017-11-17,6513,4568,939,10142,上海
2017-11-18,3076,2992,1074,4994,上海
2017-11-19,4239,3698,1314,6623,上海
2017-11-20,7464,5042,1016,11490,上海
2017-11-21,7984,5058,976,12066,上海
2017-11-22,5388,4323,774,8937,上海
2017-11-23,4424,2852,785,6491,上海
2017-11-24,3304,2431,481,5254,上海
2017-11-25,2960,2087,832,4215,上海
2017-11-26,3083,2659,1275,4467,上海
2017-11-27,5038,3590,797,7831,上海
2017-11-28,5173,3831,974,8030,上海
2017-11-29,5150,3376,968,7558,上海
2017-11-30,5121,3903,923,8101,上海
2017-12-01,5038,2747,784,7001,上海
2017-12-02,2817,2269,828,4258,上海
2017-12-03,3652,2818,1339,5131,上海
2017-12-04,5982,3757,915,8824,上海
2017-12-05,4918,3163,824,7257,上海
2017-12-06,4979,3823,981,7821,上海
2017-12-07,6074,2649,789,7934,上海
2017-12-08,4819,3158,508,7469,上海
2017-12-09,4572,2087,677,5982,上海
2017-12-10,2714,2699,993,4420,上海
2017-12-11,8057,3466,752,10771,上海
2017-12-12,3378,1524,328,4574,上海
2017-12-13,7608,3674,796,10486,上海
2017-12-14,7221,3695,844,10072,上海
2017-12-15,6741,2872,602,9011,上海
2017-12-16,49,0,8,41,上海
2017-12-17,5405,2621,1084,6942,上海
2017-12-18,6859,3463,720,9602,上海
2017-12-19,6128,3067,709,8486,上海
2017-12-20,6914,3277,669,9522,上海
2017-12-21,5956,2399,568,7787,上海
2017-12-22,6905,2600,569,8936,上海
2017-12-23,4295,1915,709,5501,上海
2017-12-24,4448,2096,883,5661,上海
2017-12-25,6647,3857,856,9648,上海
2017-12-26,7264,3846,771,10339,上海
2017-12-27,9342,3641,810,12173,上海
2017-12-28,9136,3052,779,11409,上海
2017-12-29,7963,2065,697,9331,上海
2017-12-30,5153,1649,839,5963,上海
2017-12-31,4314,1833,753,5394,上海
2017-01-01,788,1552,477,1863,定西
2017-01-02,930,2308,541,2697,定西
2017-01-03,1476,2344,461,3359,定西
2017-01-04,1324,2403,332,3395,定西
2017-01-05,1211,2374,351,3234,定西
2017-01-06,1213,2342,390,3165,定西
2017-01-07,1011,2509,455,3065,定西
2017-01-08,1104,2691,609,3186,定西
2017-01-09,1441,2498,478,3461,定西
2017-01-10,1523,2504,556,3471,定西
2017-01-11,1405,2525,448,3482,定西
2017-01-12,1276,2711,411,3576,定西
2017-01-13,1258,2149,369,3038,定西
2017-01-14,867,1980,467,2380,定西
2017-01-15,1020,2538,610,2948,定西
2017-01-16,1418,2756,534,3640,定西
2017-01-17,1526,2591,551,3566,定西
2017-01-18,1338,2956,753,3541,定西
2017-01-19,1131,2257,576,2812,定西
2017-01-20,977,2202,602,2577,定西
2017-01-21,772,2324,699,2397,定西
2017-01-22,1010,2380,764,2626,定西
2017-01-23,1147,2811,922,3036,定西
2017-01-24,992,3043,1186,2849,定西
2017-01-25,897,2554,1194,2257,定西
2017-01-26,782,1672,971,1483,定西
2017-01-27,402,1053,361,1094,定西
2017-01-28,416,1318,586,1148,定西
2017-01-29,652,1485,597,1540,定西
2017-01-30,638,1573,610,1601,定西
2017-01-31,722,1714,592,1844,定西
2017-02-01,821,2886,866,2841,定西
2017-02-02,902,2515,945,2472,定西
2017-02-03,1184,2343,966,2561,定西
2017-02-04,1282,3130,941,3471,定西
2017-02-05,1016,2708,871,2853,定西
2017-02-06,1632,3346,928,4050,定西
2017-02-07,1599,3343,852,4090,定西
2017-02-08,1533,3626,1110,4049,定西
2017-02-09,1595,3374,867,4102,定西
2017-02-10,1339,3085,948,3476,定西
2017-02-11,698,2764,670,2792,定西
2017-02-12,1114,3070,844,3340,定西
2017-02-13,1532,2716,650,3598,定西
2017-02-14,1629,2805,495,3939,定西
2017-02-15,1597,3406,692,4311,定西
2017-02-16,1966,3460,698,4728,定西
2017-02-17,1354,2961,709,3606,定西
2017-02-18,877,2804,542,3139,定西
2017-02-19,1291,3037,533,3795,定西
2017-02-21,2086,3748,718,5116,定西
2017-02-22,1811,3820,705,4926,定西
2017-02-23,1830,3363,544,4649,定西
2017-02-24,1442,3295,531,4206,定西
2017-02-25,1259,3292,640,3911,定西
2017-02-26,1479,3557,729,4307,定西
2017-02-27,1956,3864,561,5259,定西
2017-02-28,2007,3804,700,5111,定西
2017-03-01,2076,3830,726,5180,定西
2017-03-02,2138,3491,583,5046,定西
2017-03-03,1759,3368,537,4590,定西
2017-03-04,1476,3322,731,4067,定西
2017-03-05,1624,3555,759,4420,定西
2017-03-06,2003,3806,595,5214,定西
2017-03-07,1784,3774,609,4949,定西
2017-03-08,2142,4124,586,5680,定西
2017-03-09,2063,3718,588,5193,定西
2017-03-10,1725,3391,594,4522,定西
2017-03-11,1332,3155,675,3812,定西
2017-03-12,1672,4026,1022,4676,定西
2017-03-13,2730,4134,741,6123,定西
2017-03-14,2264,4279,640,5903,定西
2017-03-15,1986,4074,749,5311,定西
2017-03-16,1927,3778,687,5018,定西
2017-03-17,1746,3808,521,5033,定西
2017-03-18,1306,3449,776,3979,定西
2017-03-19,1458,3695,827,4326,定西
2017-03-20,2125,3924,829,5220,定西
2017-03-21,2157,3830,696,5291,定西
2017-03-22,2432,4216,854,5794,定西
2017-03-23,2341,3561,723,5179,定西
2017-03-24,1890,3276,746,4420,定西
2017-03-25,1727,3266,818,4175,定西
2017-03-26,1968,3783,668,5083,定西
2017-03-27,2865,3839,646,6058,定西
2017-03-29,2480,4022,630,5872,定西
2017-03-30,2034,4242,657,5619,定西
2017-03-31,2015,3450,550,4915,定西
2017-04-01,1701,2842,648,3895,定西
2017-04-02,1134,3403,932,3605,定西
2017-04-03,2056,3380,873,4563,定西
2017-04-04,1935,3960,786,5109,定西
2017-04-05,2210,3837,638,5409,定西
2017-04-06,2028,4114,696,5446,定西
2017-04-07,1915,3500,688,4727,定西
2017-04-08,1648,3465,695,4418,定西
2017-04-09,1465,3966,1017,4414,定西
2017-04-10,2308,4566,774,6100,定西
2017-04-11,2191,4091,651,5631,定西
2017-04-12,1905,4055,712,5248,定西
2017-04-13,1857,4148,684,5321,定西
2017-04-14,2161,4010,677,5494,定西
2017-04-15,1520,3689,793,4416,定西
2017-04-16,1408,3959,1002,4365,定西
2017-04-17,2079,4217,644,5652,定西
2017-04-18,2156,4739,959,5936,定西
2017-04-19,2154,4312,884,5582,定西
2017-04-20,2097,4188,784,5501,定西
2017-04-30,1020,2508,815,2713,定西
2017-05-01,1165,3645,831,3979,定西
2017-05-02,2062,4011,817,5256,定西
2017-05-03,1767,3631,872,4526,定西
2017-05-04,2159,3830,800,5189,定西
2017-05-05,1990,3415,750,4655,定西
2017-05-06,1178,3144,722,3600,定西
2017-05-07,1553,4418,1167,4804,定西
2017-05-08,2155,4750,992,5913,定西
2017-05-09,1789,3744,824,4709,定西
2017-05-10,1804,4336,714,5426,定西
2017-05-11,1735,4229,799,5165,定西
2017-05-12,1764,4145,753,5156,定西
2017-05-13,1248,3361,727,3882,定西
2017-05-14,1220,4340,912,4648,定西
2017-05-15,1869,4850,858,5861,定西
2017-05-16,2039,4372,934,5477,定西
2017-05-17,2066,4306,960,5412,定西
2017-05-18,1951,3726,710,4967,定西
2017-05-19,2105,2725,594,4236,定西
2017-05-20,1181,3417,776,3822,定西
2017-05-21,1406,4130,1035,4501,定西
2017-05-22,2121,3720,772,5069,定西
2017-05-23,2093,4081,788,5386,定西
2017-05-24,2152,3765,681,5236,定西
2017-05-25,1886,3198,792,4292,定西
2017-05-26,2221,3783,863,5141,定西
2017-05-27,2348,3173,669,4852,定西
2017-05-28,2132,2864,881,4115,定西
2017-05-29,2265,2789,870,4184,定西
2017-05-30,1998,3491,1297,4192,定西
2017-06-01,1974,3370,793,4551,定西
2017-06-02,2127,3397,564,4960,定西
2017-06-03,1774,3497,732,4539,定西
2017-06-04,1876,3645,895,4626,定西
2017-06-05,2224,3557,707,5074,定西
2017-06-06,2804,3872,732,5944,定西
2017-06-07,3037,3656,881,5812,定西
2017-06-08,2448,3796,676,5568,定西
2017-06-09,1651,2948,494,4105,定西
2017-06-10,1460,2794,766,3488,定西
2017-06-11,1855,4319,807,5367,定西
2017-06-12,2564,3336,713,5187,定西
2017-06-13,2523,3663,754,5432,定西
2017-06-14,3215,3567,818,5964,定西
2017-06-15,2358,3862,838,5382,定西
2017-06-16,1826,3254,552,4528,定西
2017-06-17,1138,2884,599,3423,定西
2017-06-18,1665,3207,784,4088,定西
2017-06-19,1867,3712,708,4871,定西
2017-06-20,2014,3633,624,5023,定西
2017-06-21,2100,3712,780,5032,定西
2017-06-22,2169,3727,863,5033,定西
2017-06-23,1519,3091,702,3908,定西
2017-06-24,1359,3330,750,3939,定西
2017-06-25,1217,3272,857,3632,定西
2017-06-26,2284,3949,813,5420,定西
2017-06-27,1918,4237,948,5207,定西
2017-06-28,1968,4084,883,5169,定西
2017-06-29,2144,4225,1060,5309,定西
2017-06-30,2341,3857,1006,5192,定西
2017-07-01,1508,3594,684,4418,定西
2017-07-02,1813,4453,985,5281,定西
2017-07-03,2357,4904,1049,6212,定西
2017-07-04,2572,5121,998,6695,定西
2017-07-05,2359,5142,1039,6462,定西
2017-07-06,2660,4516,1213,5963,定西
2017-07-07,2167,3871,812,5226,定西
2017-07-08,1882,4148,994,5036,定西
2017-07-09,1824,4463,1282,5005,定西
2017-07-10,2624,5520,1022,7122,定西
2017-07-11,3246,4307,796,6757,定西
2017-07-12,5047,4233,883,8397,定西
2017-07-13,6663,5129,1010,10782,定西
2017-07-14,2777,4017,1037,5757,定西
2017-07-15,1923,4131,1308,4746,定西
2017-07-16,1903,4766,1585,5084,定西
2017-07-17,2191,4812,1219,5784,定西
2017-07-18,2433,5559,1030,6962,定西
2017-07-19,2419,5208,1510,6117,定西
2017-07-20,2642,4904,1226,6320,定西
2017-07-21,2250,4146,932,5464,定西
2017-07-22,1611,3922,926,4607,定西
2017-07-23,1866,4271,1397,4740,定西
2017-07-24,2208,4524,1151,5581,定西
2017-07-25,2373,5092,1240,6225,定西
2017-07-26,2262,4211,959,5514,定西
2017-07-27,2554,4551,1171,5934,定西
2017-07-28,2292,4710,1178,5824,定西
2017-07-29,1834,4818,1340,5312,定西
2017-07-30,1824,4366,1456,4734,定西
2017-07-31,2396,5371,1337,6430,定西
2017-08-01,2650,4718,1520,5848,定西
2017-08-02,2708,5152,1464,6396,定西
2017-08-03,2703,5391,1439,6655,定西
2017-08-04,2396,4320,1300,5416,定西
2017-08-05,2155,4552,1709,4998,定西
2017-08-06,3144,5195,2238,6101,定西
2017-08-07,2695,4668,1572,5791,定西
2017-08-08,3567,5440,1382,7625,定西
2017-08-09,2774,5667,1946,6495,定西
2017-08-10,6157,5509,1517,10149,定西
2017-08-11,4892,4793,1461,8224,定西
2017-08-12,4382,4799,1499,7682,定西
2017-08-13,3533,5408,1587,7354,定西
2017-08-14,6060,5603,1527,10136,定西
2017-08-15,4509,5125,1371,8263,定西
2017-08-16,5328,5663,1553,9438,定西
2017-08-17,4185,4872,1442,7615,定西
2017-08-18,2920,5229,1435,6714,定西
2017-08-20,2931,5728,2047,6612,定西
2017-08-21,3172,5364,1502,7034,定西
2017-08-22,3636,5289,1345,7580,定西
2017-08-23,3451,5666,1468,7649,定西
2017-08-24,3561,5023,1312,7272,定西
2017-08-25,2843,4633,1078,6398,定西
2017-08-26,3177,4492,1252,6417,定西
2017-08-27,3383,4688,1495,6576,定西
2017-08-28,3252,5099,1288,7063,定西
2017-08-29,3511,5739,1416,7834,定西
2017-08-30,3066,5376,1268,7174,定西
2017-08-31,3000,5232,1218,7014,定西
2017-09-01,3233,4911,1147,6997,定西
2017-09-02,3769,4840,1313,7296,定西
2017-09-03,3818,5451,1562,7707,定西
2017-09-04,3308,5823,1245,7886,定西
2017-09-05,4076,6075,1180,8971,定西
2017-09-06,4208,5823,974,9057,定西
2017-09-07,3581,5758,1097,8242,定西
2017-09-08,3680,4971,918,7733,定西
2017-09-09,2572,4794,884,6482,定西
2017-09-10,2624,5999,1427,7196,定西
2017-09-11,3540,6596,1446,8690,定西
2017-09-12,3600,6728,1251,9077,定西
2017-09-13,3155,7165,1443,8877,定西
2017-09-14,3041,5422,1325,7138,定西
2017-09-15,3214,4235,772,6677,定西
2017-09-16,3002,5056,1168,6890,定西
2017-09-17,4115,4864,1259,7720,定西
2017-09-18,4405,5040,992,8453,定西
2017-09-19,4370,4594,1042,7922,定西
2017-09-20,5139,5537,1188,9488,定西
2017-09-21,3643,4568,1292,6919,定西
2017-09-22,3665,3843,898,6610,定西
2017-09-23,3181,4040,1267,5954,定西
2017-09-24,2911,4901,1644,6168,定西
2017-09-25,4250,4687,1123,7814,定西
2017-09-26,4187,5488,1121,8554,定西
2017-09-27,3831,5066,1022,7875,定西
2017-09-28,3822,4485,1036,7271,定西
2017-09-29,4356,3877,896,7337,定西
2017-09-30,2952,3039,850,5141,定西
2017-10-01,2417,3116,1160,4373,定西
2017-10-02,2583,3621,1253,4951,定西
2017-10-03,2383,3595,1430,4548,定西
2017-10-04,2306,2997,1512,3791,定西
2017-10-05,2641,3361,1324,4678,定西
2017-10-06,3738,3622,1564,5796,定西
2017-10-30,4799,5276,1451,8624,定西
2017-10-31,5032,5581,1641,8972,定西
2017-11-01,4239,5546,1316,8469,定西
2017-11-02,4156,5822,1473,8505,定西
2017-11-03,4152,4962,1366,7748,定西
2017-11-04,3081,5043,1599,6525,定西
2017-11-05,3787,6968,1830,8925,定西
2017-11-06,4867,6495,1517,9845,定西
2017-11-07,4535,6236,1757,9014,定西
2017-11-08,5038,5763,1509,9292,定西
2017-11-09,4608,5692,1404,8896,定西
2017-11-10,3525,4823,1417,6931,定西
2017-11-11,3110,4317,1311,6116,定西
2017-11-12,4368,6162,2004,8526,定西
2017-11-13,5276,6116,1748,9644,定西
2017-11-14,5200,6347,1588,9959,定西
2017-11-15,4734,5499,1546,8687,定西
2017-11-16,5401,5682,1655,9428,定西
2017-11-17,5368,5152,1244,9276,定西
2017-11-18,4031,5124,1628,7527,定西
2017-11-19,4879,5477,1931,8425,定西
2017-11-20,5124,5642,1428,9338,定西
2017-11-21,4591,6142,1370,9363,定西
2017-11-22,3456,3953,1206,6203,定西
2017-11-23,3278,3883,1495,5666,定西
2017-11-24,3011,3118,942,5187,定西
2017-11-25,2530,3172,1160,4542,定西
2017-11-26,2745,3793,1580,4958,定西
2017-11-27,3851,4293,1430,6714,定西
2017-11-28,4077,4174,1352,6899,定西
2017-11-29,3648,4107,1378,6377,定西
2017-11-30,4038,4255,1739,6554,定西
2017-12-01,3310,3836,1200,5946,定西
2017-12-02,3005,3513,1403,5115,定西
2017-12-03,3261,4113,1834,5540,定西
2017-12-04,3886,4658,1533,7011,定西
2017-12-05,3623,3341,990,5974,定西
2017-12-06,4481,4108,1438,7151,定西
2017-12-07,2786,2211,816,4181,定西
2017-12-08,2489,2516,1064,3941,定西
2017-12-09,2848,3197,1165,4880,定西
2017-12-10,3085,3850,1757,5178,定西
2017-12-11,4160,4029,1396,6793,定西
2017-12-12,2015,2165,613,3567,定西
2017-12-13,4190,3942,1333,6799,定西
2017-12-14,4464,4241,1280,7425,定西
2017-12-15,3549,3730,880,6399,定西
2017-12-16,67,1,8,60,定西
2017-12-17,4291,4130,1793,6628,定西
2017-12-18,4051,3706,1149,6608,定西
2017-12-19,3667,3820,1114,6373,定西
2017-12-20,4039,4016,1207,6848,定西
2017-12-21,3500,3387,982,5905,定西
2017-12-22,3652,3639,960,6331,定西
2017-12-23,2899,3120,1104,4915,定西
2017-12-24,2822,2930,1154,4598,定西
2017-12-25,4276,4029,1261,7044,定西
2017-12-26,4249,4297,1355,7191,定西
2017-12-27,4331,4102,1336,7097,定西
2017-12-28,3895,3865,1277,6483,定西
2017-12-29,3482,3366,1251,5597,定西
2017-12-30,3041,3074,1312,4803,定西
2017-12-31,2642,2044,1092,3594,定西
2017-01-01,725,1326,1132,919,台湾
2017-01-02,1248,2288,1568,1968,台湾
2017-01-03,1950,2957,1431,3476,台湾
2017-01-04,2089,2769,1324,3534,台湾
2017-01-05,2016,2703,1265,3454,台湾
2017-01-06,1691,2273,919,3045,台湾
2017-01-07,834,1634,1005,1463,台湾
2017-01-08,932,2004,1476,1460,台湾
2017-01-09,1724,2911,1264,3371,台湾
2017-01-10,1719,2562,1163,3118,台湾
2017-01-11,1894,2585,1120,3359,台湾
2017-01-12,1875,2641,1127,3389,台湾
2017-01-13,1494,1914,791,2617,台湾
2017-01-14,851,1671,1080,1442,台湾
2017-01-15,827,1880,1300,1407,台湾
2017-01-16,1657,2736,1236,3157,台湾
2017-01-17,1687,2761,1084,3364,台湾
2017-01-18,1673,2722,1183,3212,台湾
2017-01-19,1575,2677,1137,3115,台湾
2017-01-20,1268,1688,727,2229,台湾
2017-01-21,543,1384,848,1079,台湾
2017-01-22,710,1892,1244,1358,台湾
2017-01-23,1318,2546,1187,2677,台湾
2017-01-24,1299,2080,930,2449,台湾
2017-01-25,1179,1894,866,2207,台湾
2017-01-26,799,1457,898,1358,台湾
2017-01-27,260,983,604,639,台湾
2017-01-28,271,791,591,471,台湾
2017-01-29,247,871,571,547,台湾
2017-01-30,325,1263,707,881,台湾
2017-01-31,434,1303,901,836,台湾
2017-02-01,619,1394,1011,1002,台湾
2017-02-02,1562,2565,1223,2904,台湾
2017-02-03,1455,2360,1178,2637,台湾
2017-02-04,632,1591,1092,1131,台湾
2017-02-05,697,1990,1237,1450,台湾
2017-02-06,1875,3083,1191,3767,台湾
2017-02-07,1915,3471,1242,4144,台湾
2017-02-08,1761,3074,1217,3618,台湾
2017-02-09,1603,2691,1144,3150,台湾
2017-02-10,1637,2440,1065,3012,台湾
2017-02-11,666,1848,1019,1495,台湾
2017-02-12,618,2315,1464,1469,台湾
2017-02-13,1815,3068,1217,3666,台湾
2017-02-14,1677,2796,1074,3399,台湾
2017-02-15,1687,2885,1109,3463,台湾
2017-02-16,1633,3027,1196,3464,台湾
2017-02-17,1673,2657,938,3392,台湾
2017-02-18,1208,1953,1045,2116,台湾
2017-02-19,772,2117,1328,1561,台湾
2017-02-21,1752,3242,1203,3791,台湾
2017-02-22,2005,3591,1411,4185,台湾
2017-02-23,1791,3191,1217,3765,台湾
2017-02-24,1497,2776,1176,3097,台湾
2017-02-25,779,1892,1194,1477,台湾
2017-02-26,739,2038,1545,1232,台湾
2017-02-27,807,2589,1550,1846,台湾
2017-02-28,1239,2854,1871,2222,台湾
2017-03-01,2200,3503,1410,4293,台湾
2017-03-02,2059,3504,1364,4199,台湾
2017-03-03,1829,2969,1227,3571,台湾
2017-03-04,1045,2485,1338,2192,台湾
2017-03-05,1113,2884,1719,2278,台湾
2017-03-06,2236,3889,1620,4505,台湾
2017-03-07,2208,3509,1506,4211,台湾
2017-03-08,2165,3531,1481,4215,台湾
2017-03-09,2257,3424,1362,4319,台湾
2017-03-10,1752,3114,1228,3638,台湾
2017-03-11,926,2419,1510,1835,台湾
2017-03-12,1008,2808,1777,2039,台湾
2017-03-13,3386,5207,1908,6685,台湾
2017-03-14,2409,4329,1724,5014,台湾
2017-03-15,2292,4347,1682,4957,台湾
2017-03-16,2318,4112,1746,4684,台湾
2017-03-17,1952,3138,1347,3743,台湾
2017-03-18,1139,2648,1800,1987,台湾
2017-03-19,1279,3379,2104,2554,台湾
2017-03-20,2545,4548,1733,5360,台湾
2017-03-21,2532,4259,1635,5156,台湾
2017-03-22,2344,4601,1595,5350,台湾
2017-03-23,2350,3834,1502,4682,台湾
2017-03-24,1922,3704,1563,4063,台湾
2017-03-25,994,2711,1565,2140,台湾
2017-03-26,1196,3135,2115,2216,台湾
2017-03-27,2797,4783,1852,5728,台湾
2017-03-29,2357,4000,1472,4885,台湾
2017-03-30,2130,3752,1578,4304,台湾
2017-03-31,1744,3525,1523,3746,台湾
2017-04-01,664,2276,1482,1458,台湾
2017-04-02,747,2184,1452,1479,台湾
2017-04-03,1019,2684,1611,2092,台湾
2017-04-04,1093,3461,2167,2387,台湾
2017-04-05,2371,4265,1782,4854,台湾
2017-04-06,2526,4496,1825,5197,台湾
2017-04-07,1927,3338,1371,3894,台湾
2017-04-08,1185,3092,1773,2504,台湾
2017-04-09,1257,3477,2180,2554,台湾
2017-04-10,2524,4228,1786,4966,台湾
2017-04-11,2326,4153,1586,4893,台湾
2017-04-12,2363,4451,1884,4930,台湾
2017-04-13,2021,4066,1585,4502,台湾
2017-04-14,1807,3401,1288,3920,台湾
2017-04-15,1034,2897,1707,2224,台湾
2017-04-16,1175,3667,2213,2629,台湾
2017-04-17,2425,4624,1817,5232,台湾
2017-04-18,2341,4734,1865,5210,台湾
2017-04-19,2583,4272,1793,5062,台湾
2017-04-20,2346,4086,1666,4766,台湾
2017-04-30,1318,3212,2121,2409,台湾
2017-05-01,2001,4266,1941,4326,台湾
2017-05-02,2486,4962,1899,5549,台湾
2017-05-03,2567,4772,1778,5561,台湾
2017-05-04,2417,4624,2033,5008,台湾
2017-05-05,2259,3702,1415,4546,台湾
2017-05-06,1199,2736,1569,2366,台湾
2017-05-07,1275,3724,2122,2877,台湾
2017-05-08,2639,4958,2016,5581,台湾
2017-05-09,2224,4201,1577,4848,台湾
2017-05-10,2509,4572,1790,5291,台湾
2017-05-11,2171,4535,1775,4931,台湾
2017-05-12,2244,3686,1510,4420,台湾
2017-05-13,969,2600,1596,1973,台湾
2017-05-14,1037,3163,1964,2236,台湾
2017-05-15,2420,4660,1828,5252,台湾
2017-05-16,2484,4770,1765,5489,台湾
2017-05-17,2479,4479,1811,5147,台湾
2017-05-18,2317,4029,1489,4857,台湾
2017-05-19,2279,3228,1175,4332,台湾
2017-05-20,984,3124,1517,2591,台湾
2017-05-21,1160,3732,2125,2767,台湾
2017-05-22,2211,4641,1816,5036,台湾
2017-05-23,2502,4612,2013,5101,台湾
2017-05-24,2460,4459,1845,5074,台湾
2017-05-25,2213,3985,1585,4613,台湾
2017-05-26,2025,3161,1328,3858,台湾
2017-05-27,1194,2709,1673,2230,台湾
2017-05-28,1098,2784,1884,1998,台湾
2017-05-29,1618,3275,2111,2782,台湾
2017-05-30,1994,3601,2357,3238,台湾
2017-06-01,3255,4224,1770,5709,台湾
2017-06-02,2675,3641,1447,4869,台湾
2017-06-03,2543,4102,1933,4712,台湾
2017-06-04,1661,3885,2238,3308,台湾
2017-06-05,3342,4317,1764,5895,台湾
2017-06-06,3356,4663,1956,6063,台湾
2017-06-07,2963,4298,1691,5570,台湾
2017-06-08,2771,4297,1857,5211,台湾
2017-06-09,2506,3116,1164,4458,台湾
2017-06-10,1200,2406,1309,2297,台湾
2017-06-11,1825,3124,1833,3116,台湾
2017-06-12,2950,4084,1671,5363,台湾
2017-06-13,2645,4262,1691,5216,台湾
2017-06-14,2952,4741,1842,5851,台湾
2017-06-15,2721,4497,1871,5347,台湾
2017-06-16,3377,3547,1307,5617,台湾
2017-06-17,1973,3515,1832,3656,台湾
2017-06-18,1687,3811,2502,2996,台湾
2017-06-19,2805,4785,1903,5687,台湾
2017-06-20,2909,4070,1577,5402,台湾
2017-06-21,3280,4694,1640,6334,台湾
2017-06-22,2982,4316,1741,5557,台湾
2017-06-23,2394,3213,1186,4421,台湾
2017-06-24,1157,2341,1349,2149,台湾
2017-06-25,1300,2738,1791,2247,台湾
2017-06-26,2942,4362,2013,5291,台湾
2017-06-27,2811,4449,1727,5533,台湾
2017-06-28,3148,4012,1663,5497,台湾
2017-06-29,3301,4223,1677,5847,台湾
2017-06-30,2635,3981,1383,5233,台湾
2017-07-01,1382,3200,1638,2944,台湾
2017-07-02,1680,3762,2006,3436,台湾
2017-07-03,3283,4762,1940,6105,台湾
2017-07-04,3495,4896,1820,6571,台湾
2017-07-05,3138,4614,1826,5926,台湾
2017-07-06,3075,4794,1854,6015,台湾
2017-07-07,2926,4080,1741,5265,台湾
2017-07-08,1572,3268,1817,3023,台湾
2017-07-09,1912,3884,2659,3137,台湾
2017-07-10,3035,5053,1967,6121,台湾
2017-07-11,3348,4911,1967,6292,台湾
2017-07-12,3589,4909,1955,6543,台湾
2017-07-13,3503,4783,1961,6325,台湾
2017-07-14,3189,4230,1727,5692,台湾
2017-07-15,1769,2776,1644,2901,台湾
2017-07-16,1891,3734,2290,3335,台湾
2017-07-17,3115,4837,1914,6038,台湾
2017-07-18,3094,5315,2146,6263,台湾
2017-07-19,3240,4916,2024,6132,台湾
2017-07-20,3654,4610,1788,6476,台湾
2017-07-21,2843,3718,1351,5210,台湾
2017-07-22,1525,2744,1591,2678,台湾
2017-07-23,1723,3469,2322,2870,台湾
2017-07-24,3231,4907,2119,6019,台湾
2017-07-25,3007,4817,1896,5928,台湾
2017-07-26,3308,4242,1684,5866,台湾
2017-07-27,2811,4226,1571,5466,台湾
2017-07-28,2959,3611,1505,5065,台湾
2017-07-29,1553,3030,1873,2710,台湾
2017-07-30,1435,3712,2535,2612,台湾
2017-07-31,3160,4517,1930,5747,台湾
2017-08-01,3424,5264,1954,6734,台湾
2017-08-02,3334,4738,1917,6155,台湾
2017-08-03,3147,4487,1853,5781,台湾
2017-08-04,3202,3917,1501,5618,台湾
2017-08-05,1245,2536,1634,2147,台湾
2017-08-06,1569,3240,2058,2751,台湾
2017-08-07,3186,4601,1731,6056,台湾
2017-08-08,3117,4581,1944,5754,台湾
2017-08-09,3373,4853,2264,5962,台湾
2017-08-10,3098,4924,1975,6047,台湾
2017-08-11,3043,4453,1526,5970,台湾
2017-08-12,1650,2816,1602,2864,台湾
2017-08-13,1468,3276,2111,2633,台湾
2017-08-14,3324,4756,2092,5988,台湾
2017-08-15,2814,4990,2194,5610,台湾
2017-08-16,3478,5021,2086,6413,台湾
2017-08-17,3102,4784,1923,5963,台湾
2017-08-18,2770,3571,1409,4932,台湾
2017-08-20,1861,3616,1943,3534,台湾
2017-08-21,3157,5128,1751,6534,台湾
2017-08-22,3328,5189,2225,6292,台湾
2017-08-23,3375,4673,1987,6061,台湾
2017-08-24,2960,4835,1866,5929,台湾
2017-08-25,2555,3761,1360,4956,台湾
2017-08-26,1228,2799,1679,2348,台湾
2017-08-27,1467,3115,1977,2605,台湾
2017-08-28,3580,4581,1910,6251,台湾
2017-08-29,3163,4408,2064,5507,台湾
2017-08-30,2676,4666,1879,5463,台湾
2017-08-31,2907,4149,1771,5285,台湾
2017-09-01,2314,3562,1347,4529,台湾
2017-09-02,1279,2604,1657,2226,台湾
2017-09-03,1497,3702,2434,2765,台湾
2017-09-04,3067,4733,2103,5697,台湾
2017-09-05,3373,5088,1910,6551,台湾
2017-09-06,3059,4895,1905,6049,台湾
2017-09-07,2989,4418,1694,5713,台湾
2017-09-08,2288,3705,1370,4623,台湾
2017-09-09,1182,2713,1532,2363,台湾
2017-09-10,1417,3848,2309,2956,台湾
2017-09-11,3079,4618,2001,5696,台湾
2017-09-12,2876,4481,1972,5385,台湾
2017-09-13,3318,4553,1790,6081,台湾
2017-09-14,3331,4767,1954,6144,台湾
2017-09-15,2556,3676,1538,4694,台湾
2017-09-16,1655,3179,1991,2843,台湾
2017-09-17,1901,3870,2683,3088,台湾
2017-09-18,3482,4968,2047,6403,台湾
2017-09-19,3475,5243,2273,6445,台湾
2017-09-20,4112,4849,2027,6934,台湾
2017-09-21,3957,4874,1979,6852,台湾
2017-09-22,3030,4340,1919,5451,台湾
2017-09-23,1632,3369,2056,2945,台湾
2017-09-24,1895,4308,2687,3516,台湾
2017-09-25,3609,5557,2381,6785,台湾
2017-09-26,3542,6583,2123,8002,台湾
2017-09-27,3461,6495,2074,7882,台湾
2017-09-28,3304,5373,1854,6823,台湾
2017-09-29,2949,4613,1774,5788,台湾
2017-09-30,2218,5359,2177,5400,台湾
2017-10-01,2002,5940,2515,5427,台湾
2017-10-02,3612,6324,2215,7721,台湾
2017-10-03,3282,5059,1987,6354,台湾
2017-10-04,2000,4152,2525,3627,台湾
2017-10-05,3263,4984,2118,6129,台湾
2017-10-06,3149,4154,2190,5113,台湾
2017-10-30,4576,8193,2945,9824,台湾
2017-10-31,4220,6713,2695,8238,台湾
2017-11-01,3455,5785,2706,6534,台湾
2017-11-02,3309,5705,2616,6398,台湾
2017-11-03,3134,4570,2416,5288,台湾
2017-11-04,1874,4079,2613,3340,台湾
2017-11-05,1701,4458,2966,3193,台湾
2017-11-06,3865,5659,2460,7064,台湾
2017-11-07,4232,6026,2749,7509,台湾
2017-11-08,3627,6438,2906,7159,台湾
2017-11-09,3872,5508,2477,6903,台湾
2017-11-10,2971,4842,2483,5330,台湾
2017-11-11,1738,3726,2690,2774,台湾
2017-11-12,2094,4662,3464,3292,台湾
2017-11-13,4302,5931,2694,7539,台湾
2017-11-14,4340,6005,2605,7740,台湾
2017-11-15,3914,5799,2559,7154,台湾
2017-11-16,4169,6394,2590,7973,台湾
2017-11-17,4234,4813,2058,6989,台湾
2017-11-18,1822,3404,2448,2778,台湾
2017-11-19,2602,4473,3410,3665,台湾
2017-11-20,5396,6325,2661,9060,台湾
2017-11-21,4872,6967,2550,9289,台湾
2017-11-22,3711,4126,2056,5781,台湾
2017-11-23,3823,3408,1903,5328,台湾
2017-11-24,3049,2814,1619,4244,台湾
2017-11-25,1651,2586,1925,2312,台湾
2017-11-26,2198,3326,2726,2798,台湾
2017-11-27,4243,4097,2477,5863,台湾
2017-11-28,4768,4357,2464,6661,台湾
2017-11-29,4104,3815,2337,5582,台湾
2017-11-30,3807,3978,2286,5499,台湾
2017-12-01,3315,3030,1763,4582,台湾
2017-12-02,1978,2870,2421,2427,台湾
2017-12-03,2513,3623,2990,3146,台湾
2017-12-04,4589,4032,2328,6293,台湾
2017-12-05,3879,3517,2093,5303,台湾
2017-12-06,4969,4066,2457,6578,台湾
2017-12-07,2255,2416,1066,3605,台湾
2017-12-08,1336,2523,1001,2858,台湾
2017-12-09,1381,2420,1432,2369,台湾
2017-12-10,1609,3283,2136,2756,台湾
2017-12-11,3014,4413,1920,5507,台湾
2017-12-12,1665,1949,964,2650,台湾
2017-12-13,3529,2969,1701,4797,台湾
2017-12-14,3117,2926,1706,4337,台湾
2017-12-15,2937,2579,1323,4193,台湾
2017-12-16,58,0,13,45,台湾
2017-12-17,2247,2699,2237,2709,台湾
2017-12-18,3547,3142,1682,5007,台湾
2017-12-19,3551,3618,1677,5492,台湾
2017-12-20,3534,3157,1711,4980,台湾
2017-12-21,3192,2893,1566,4519,台湾
2017-12-22,3033,3280,1502,4811,台湾
2017-12-23,1850,2107,1587,2370,台湾
2017-12-24,1982,2550,2089,2443,台湾
2017-12-25,3800,4107,1859,6048,台湾
2017-12-26,4509,4613,1941,7181,台湾
2017-12-27,3964,4327,1777,6514,台湾
2017-12-28,3401,3327,1630,5098,台湾
2017-12-29,3530,2322,1453,4399,台湾
2017-12-30,2667,1691,1746,2612,台湾
2017-12-31,1481,1770,1611,1640,台湾
2017-01-01,377,411,183,605,香港
2017-01-02,543,1151,344,1350,香港
2017-01-03,1096,1376,447,2025,香港
2017-01-04,1096,1240,374,1962,香港
2017-01-05,874,983,283,1574,香港
2017-01-06,799,1532,746,1585,香港
2017-01-07,566,706,446,826,香港
2017-01-08,799,699,296,1202,香港
2017-01-09,1018,1001,371,1648,香港
2017-01-10,1304,1085,351,2038,香港
2017-01-11,938,1500,372,2066,香港
2017-01-12,890,1635,374,2151,香港
2017-01-13,732,776,280,1228,香港
2017-01-14,577,541,193,925,香港
2017-01-15,769,821,254,1336,香港
2017-01-16,899,1232,379,1752,香港
2017-01-17,1159,1251,353,2057,香港
2017-01-18,1069,1496,304,2261,香港
2017-01-19,1067,1644,255,2456,香港
2017-01-20,760,1642,231,2171,香港
2017-01-21,474,624,194,904,香港
2017-01-22,542,954,365,1131,香港
2017-01-23,714,2893,261,3346,香港
2017-01-24,895,1809,253,2451,香港
2017-01-25,2192,633,169,2656,香港
2017-01-26,285,404,127,562,香港
2017-01-27,304,435,45,694,香港
2017-01-28,291,389,61,619,香港
2017-01-29,314,458,70,702,香港
2017-01-30,238,383,137,484,香港
2017-01-31,242,315,100,457,香港
2017-02-01,388,605,136,857,香港
2017-02-02,636,835,216,1255,香港
2017-02-03,721,914,312,1323,香港
2017-02-04,490,1083,224,1349,香港
2017-02-05,448,1029,272,1205,香港
2017-02-06,871,1243,421,1693,香港
2017-02-07,1561,1412,316,2657,香港
2017-02-08,1178,1680,326,2532,香港
2017-02-09,1073,1392,350,2115,香港
2017-02-10,1274,1109,274,2109,香港
2017-02-11,347,607,212,742,香港
2017-02-12,592,807,225,1174,香港
2017-02-13,1223,1376,304,2295,香港
2017-02-14,2575,1398,317,3656,香港
2017-02-15,2640,1453,292,3801,香港
2017-02-16,2414,1656,328,3742,香港
2017-02-17,2603,1514,336,3781,香港
2017-02-18,727,1006,249,1484,香港
2017-02-19,664,703,249,1118,香港
2017-02-21,1093,1609,386,2316,香港
2017-02-22,1203,3033,382,3854,香港
2017-02-23,2720,3473,412,5781,香港
2017-02-24,3187,3463,303,6347,香港
2017-02-25,1936,1707,315,3328,香港
2017-02-26,2791,1270,310,3751,香港
2017-02-27,2704,3339,294,5749,香港
2017-02-28,2124,4137,458,5803,香港
2017-03-01,3447,3459,369,6537,香港
2017-03-02,2368,3540,461,5447,香港
2017-03-03,2050,3214,423,4841,香港
2017-03-04,536,1954,220,2270,香港
2017-03-05,697,1965,302,2360,香港
2017-03-06,2168,2403,349,4222,香港
2017-03-07,1979,2685,404,4260,香港
2017-03-08,2524,2043,387,4180,香港
2017-03-09,2330,2801,354,4777,香港
2017-03-10,2320,4422,342,6400,香港
2017-03-11,3157,4482,261,7378,香港
2017-03-12,1113,5563,316,6360,香港
2017-03-13,2543,4912,426,7029,香港
2017-03-14,3263,4838,449,7652,香港
2017-03-15,3426,7401,357,10470,香港
2017-03-16,1064,4554,273,5345,香港
2017-03-17,1133,3730,331,4532,香港
2017-03-18,770,3315,246,3839,香港
2017-03-19,625,5325,349,5601,香港
2017-03-20,1721,3699,406,5014,香港
2017-03-21,2942,4968,320,7590,香港
2017-03-22,1392,5413,405,6400,香港
2017-03-23,2306,3753,369,5690,香港
2017-03-24,2978,2822,406,5394,香港
2017-03-25,1738,1987,283,3442,香港
2017-03-26,2092,3369,375,5086,香港
2017-03-27,2645,5184,332,7497,香港
2017-03-29,1804,6303,509,7598,香港
2017-03-30,2831,4171,486,6516,香港
2017-03-31,2687,4284,426,6545,香港
2017-04-01,2032,3269,340,4961,香港
2017-04-02,1829,2232,371,3690,香港
2017-04-03,1716,2428,246,3898,香港
2017-04-04,1864,2310,449,3725,香港
2017-04-05,3188,3657,502,6343,香港
2017-04-06,2504,4299,324,6479,香港
2017-04-07,2065,4987,371,6681,香港
2017-04-08,1374,5193,218,6349,香港
2017-04-09,2093,5068,353,6808,香港
2017-04-10,5809,3091,480,8420,香港
2017-04-11,4156,4296,577,7875,香港
2017-04-12,4450,2613,443,6620,香港
2017-04-13,3821,2350,345,5826,香港
2017-04-14,3655,2084,307,5432,香港
2017-04-15,2875,1139,206,3808,香港
2017-04-16,3284,1151,369,4066,香港
2017-04-17,6545,1660,355,7850,香港
2017-04-18,3959,2150,405,5704,香港
2017-04-19,4215,2530,504,6241,香港
2017-04-20,3146,2207,470,4883,香港
2017-04-30,3840,1642,239,5243,香港
2017-05-01,2947,867,352,3462,香港
2017-05-02,2871,1358,426,3803,香港
2017-05-03,1341,1677,464,2554,香港
2017-05-04,1133,1678,386,2425,香港
2017-05-05,2174,1587,389,3372,香港
2017-05-06,1621,2751,383,3989,香港
2017-05-07,2539,1896,278,4157,香港
2017-05-08,2851,1944,435,4360,香港
2017-05-09,3688,1610,415,4883,香港
2017-05-10,2111,1451,405,3157,香港
2017-05-11,1027,1554,473,2108,香港
2017-05-12,2100,1463,305,3258,香港
2017-05-13,2879,637,151,3365,香港
2017-05-14,2853,737,208,3382,香港
2017-05-15,3300,1264,379,4185,香港
2017-05-16,4308,1280,354,5234,香港
2017-05-17,3758,2169,368,5559,香港
2017-05-18,2138,3858,432,5564,香港
2017-05-19,3453,3388,316,6525,香港
2017-05-20,3443,3677,362,6758,香港
2017-05-21,3165,3306,291,6180,香港
2017-05-22,3196,3842,376,6662,香港
2017-05-23,6166,4308,362,10112,香港
2017-05-24,5666,3389,479,8576,香港
2017-05-25,3259,4408,424,7243,香港
2017-05-26,3144,4236,330,7050,香港
2017-05-27,1981,3900,314,5567,香港
2017-05-28,3369,3635,322,6682,香港
2017-05-29,4671,3768,303,8136,香港
2017-05-30,4139,1743,328,5554,香港
2017-06-01,4648,1397,416,5629,香港
2017-06-02,2133,1296,363,3066,香港
2017-06-03,1190,953,357,1786,香港
2017-06-04,961,1096,251,1806,香港
2017-06-05,4019,4133,251,7901,香港
2017-06-06,4520,4033,375,8178,香港
2017-06-07,4473,3940,374,8039,香港
2017-06-08,3400,4092,334,7158,香港
2017-06-09,1627,3021,223,4425,香港
2017-06-10,2819,3743,175,6387,香港
2017-06-11,3975,3574,243,7306,香港
2017-06-12,3184,4450,458,7176,香港
2017-06-13,4123,4082,403,7802,香港
2017-06-14,3698,4280,385,7593,香港
2017-06-15,3131,4364,382,7113,香港
2017-06-16,4316,4306,490,8132,香港
2017-06-17,3292,3062,245,6109,香港
2017-06-18,1255,849,275,1829,香港
2017-06-19,4037,4253,428,7862,香港
2017-06-20,4869,3999,380,8488,香港
2017-06-21,3959,3539,511,6987,香港
2017-06-22,3801,3202,318,6685,香港
2017-06-23,1391,1346,287,2450,香港
2017-06-24,2088,1240,213,3115,香港
2017-06-25,856,1195,310,1741,香港
2017-06-26,3060,2988,313,5735,香港
2017-06-27,2794,2297,380,4711,香港
2017-06-28,3437,2094,393,5138,香港
2017-06-29,4796,3234,386,7644,香港
2017-06-30,5119,4838,434,9523,香港
2017-07-01,4558,3990,317,8231,香港
2017-07-02,2252,883,291,2844,香港
2017-07-03,5255,3747,536,8466,香港
2017-07-04,5895,3615,491,9019,香港
2017-07-05,8889,1877,494,10272,香港
2017-07-06,4458,1741,391,5808,香港
2017-07-07,5082,1640,421,6301,香港
2017-07-08,1844,1104,445,2503,香港
2017-07-09,1347,1005,379,1973,香港
2017-07-10,3946,1756,357,5345,香港
2017-07-11,4641,1971,377,6235,香港
2017-07-12,4374,1685,396,5663,香港
2017-07-13,4465,1761,558,5668,香港
2017-07-14,5042,1348,401,5989,香港
2017-07-15,4116,718,247,4587,香港
2017-07-16,2972,815,346,3441,香港
2017-07-17,5788,1758,463,7083,香港
2017-07-18,5101,1953,473,6581,香港
2017-07-19,5191,1963,506,6648,香港
2017-07-20,6158,1994,653,7499,香港
2017-07-21,4855,1807,401,6261,香港
2017-07-22,2474,1013,369,3118,香港
2017-07-23,2519,1146,402,3263,香港
2017-07-24,4945,1839,412,6372,香港
2017-07-25,4998,1799,376,6421,香港
2017-07-26,5366,1943,433,6876,香港
2017-07-27,3423,1866,385,4904,香港
2017-07-28,3571,1600,411,4760,香港
2017-07-29,4489,1158,440,5207,香港
2017-07-30,5140,1034,359,5815,香港
2017-07-31,5495,2272,642,7125,香港
2017-08-01,4989,2433,447,6975,香港
2017-08-02,4388,2190,554,6024,香港
2017-08-03,4658,2125,621,6162,香港
2017-08-04,5074,1895,447,6522,香港
2017-08-05,3746,1146,505,4387,香港
2017-08-06,5619,1020,420,6219,香港
2017-08-07,5233,2105,643,6695,香港
2017-08-08,4961,2349,534,6776,香港
2017-08-09,3388,2562,687,5263,香港
2017-08-10,3143,2530,645,5028,香港
2017-08-11,6224,1769,473,7520,香港
2017-08-12,3402,957,359,4000,香港
2017-08-13,4078,1129,486,4721,香港
2017-08-14,4574,2341,627,6288,香港
2017-08-15,5253,2144,478,6919,香港
2017-08-16,4660,1860,385,6135,香港
2017-08-17,4200,1992,550,5642,香港
2017-08-18,3491,2164,431,5224,香港
2017-08-20,2908,1537,398,4047,香港
2017-08-21,4037,2303,513,5827,香港
2017-08-22,4539,2067,541,6065,香港
2017-08-23,4800,2150,682,6268,香港
2017-08-24,4013,1963,522,5454,香港
2017-08-25,4290,1914,509,5695,香港
2017-08-26,4187,940,336,4791,香港
2017-08-27,4296,1357,575,5078,香港
2017-08-28,5938,1731,480,7189,香港
2017-08-29,4391,1863,492,5762,香港
2017-08-30,4212,1929,559,5582,香港
2017-08-31,3895,1824,482,5237,香港
2017-09-01,3375,1660,470,4565,香港
2017-09-02,2620,1093,405,3308,香港
2017-09-03,2719,1251,552,3418,香港
2017-09-04,5046,1889,539,6396,香港
2017-09-05,2824,2147,569,4402,香港
2017-09-06,2172,2190,580,3782,香港
2017-09-07,3397,2193,502,5088,香港
2017-09-08,4672,1595,428,5839,香港
2017-09-09,3120,1049,370,3799,香港
2017-09-10,2382,1186,382,3186,香港
2017-09-11,3537,2159,728,4968,香港
2017-09-12,2984,1713,385,4312,香港
2017-09-13,4077,1320,403,4994,香港
2017-09-14,3729,1586,511,4804,香港
2017-09-15,3389,1265,423,4231,香港
2017-09-16,3424,885,370,3939,香港
2017-09-17,3852,966,502,4316,香港
2017-09-18,3230,1744,521,4453,香港
2017-09-19,3301,1530,434,4397,香港
2017-09-20,2598,1506,559,3545,香港
2017-09-21,1900,1493,555,2838,香港
2017-09-22,3434,1513,516,4431,香港
2017-09-23,6657,913,323,7247,香港
2017-09-24,5158,1039,393,5804,香港
2017-09-25,5764,2307,522,7549,香港
2017-09-26,2068,2304,586,3786,香港
2017-09-27,2578,2143,527,4194,香港
2017-09-28,3178,2012,558,4632,香港
2017-09-29,1961,1634,429,3166,香港
2017-09-30,1233,1128,403,1958,香港
2017-10-01,1172,688,261,1599,香港
2017-10-02,1132,830,422,1540,香港
2017-10-03,996,1025,444,1577,香港
2017-10-04,804,860,388,1276,香港
2017-10-05,762,726,395,1093,香港
2017-10-06,979,1136,510,1605,香港
2017-10-30,2109,2958,818,4249,香港
2017-10-31,2211,3506,593,5124,香港
2017-11-01,2765,2106,592,4279,香港
2017-11-02,2236,2105,590,3751,香港
2017-11-03,2049,2482,576,3955,香港
2017-11-04,1166,930,412,1684,香港
2017-11-05,993,1129,555,1567,香港
2017-11-06,1985,1809,589,3205,香港
2017-11-07,2046,2131,671,3506,香港
2017-11-08,2398,2241,587,4052,香港
2017-11-09,2351,1959,643,3667,香港
2017-11-10,2067,1697,559,3205,香港
2017-11-11,1020,938,387,1571,香港
2017-11-12,1004,1293,546,1751,香港
2017-11-13,2148,2345,699,3794,香港
2017-11-14,2736,3436,590,5582,香港
2017-11-15,2481,2259,726,4014,香港
2017-11-16,2467,2009,730,3746,香港
2017-11-17,2736,2128,527,4337,香港
2017-11-18,1351,2142,455,3038,香港
2017-11-19,1151,2559,585,3125,香港
2017-11-20,2016,2687,621,4082,香港
2017-11-21,2676,3910,572,6014,香港
2017-11-22,4208,3168,505,6871,香港
2017-11-23,2638,1541,435,3744,香港
2017-11-24,1681,928,342,2267,香港
2017-11-25,1068,711,369,1410,香港
2017-11-26,1510,734,431,1813,香港
2017-11-27,2757,1524,459,3822,香港
2017-11-28,3134,2448,543,5039,香港
2017-11-29,4089,2244,444,5889,香港
2017-11-30,7134,2367,461,9040,香港
2017-12-01,6641,2101,549,8193,香港
2017-12-02,3961,2003,512,5452,香港
2017-12-03,3763,1805,335,5233,香港
2017-12-04,4231,2755,533,6453,香港
2017-12-05,3330,2782,389,5723,香港
2017-12-06,3920,4007,598,7329,香港
2017-12-07,2777,2143,494,4426,香港
2017-12-08,4378,1878,893,5363,香港
2017-12-09,3801,530,229,4102,香港
2017-12-10,1698,616,412,1902,香港
2017-12-11,4208,2260,445,6023,香港
2017-12-12,2766,783,283,3266,香港
2017-12-13,5064,1717,569,6212,香港
2017-12-14,1600,1607,366,2841,香港
2017-12-15,1525,2495,408,3612,香港
2017-12-16,23,0,6,17,香港
2017-12-17,725,2022,284,2463,香港
2017-12-18,3387,3239,427,6199,香港
2017-12-19,1629,1476,492,2613,香港
2017-12-20,1877,1918,818,2977,香港
2017-12-21,1331,787,299,1819,香港
2017-12-22,1997,749,317,2429,香港
2017-12-23,1023,1456,327,2152,香港
2017-12-24,637,2161,266,2532,香港
2017-12-25,1496,2294,328,3462,香港
2017-12-26,1614,927,386,2155,香港
2017-12-27,1955,2825,403,4377,香港
2017-12-28,1621,2060,457,3224,香港
2017-12-29,3172,785,407,3550,香港
2017-12-30,2817,367,274,2910,香港
2017-12-31,740,311,268,783,香港
