hour,type,freq_1,freq_2
0,台湾,2281,9371
0,上海,2287,7772
0,北京,3792,22196
0,定西,1639,6522
0,香港,9789,24625
1,上海,3131,11452
1,定西,2967,10454
1,台湾,2669,11021
1,北京,5107,26307
2,台湾,4067,16173
2,定西,5393,15949
2,北京,7758,28995
2,上海,5657,17668
2,香港,9000,27484
3,定西,11292,42576
3,上海,12912,71757
3,北京,15276,97476
3,台湾,6081,39055
3,香港,10831,34480
4,定西,23464,86971
4,台湾,10612,79418
4,北京,33314,227465
4,上海,28725,172142
4,香港,13767,63841
5,香港,17189,83083
5,北京,49021,283902
5,定西,34884,114798
5,台湾,16825,113117
5,上海,41237,225297
6,北京,45033,228656
6,上海,37477,167327
6,定西,32335,96634
6,香港,18203,82829
6,台湾,20861,123556
7,定西,23516,60981
7,香港,15400,57668
7,上海,26739,96325
7,北京,28526,108989
7,台湾,17264,68323
8,上海,31258,147501
8,北京,30413,148740
8,台湾,18219,92753
8,定西,23767,68479
8,香港,16222,61159
9,定西,28448,90779
9,上海,38724,191346
9,台湾,23775,125597
9,北京,40554,227020
9,香港,17714,79377
10,北京,52779,277044
10,上海,45730,209781
10,定西,35073,112735
10,台湾,28385,134774
10,香港,20336,86535
11,定西,39648,118507
11,北京,56397,280656
11,上海,47368,201167
11,香港,19355,88984
11,台湾,28864,134254
12,北京,43962,199367
12,上海,34135,122976
12,定西,33489,92350
12,台湾,25441,106346
12,香港,19226,77419
13,上海,25235,78947
13,定西,25742,67905
13,北京,30486,115551
13,台湾,18454,60844
13,香港,16208,55545
14,定西,28187,80321
14,台湾,17437,51416
14,上海,30571,94420
14,北京,33517,129786
14,香港,15696,51398
15,香港,16619,53432
15,台湾,21887,65072
15,北京,44548,161921
15,上海,37536,118855
15,定西,35787,107155
16,北京,49107,173273
16,台湾,26766,75754
16,上海,41791,127017
16,香港,17531,53565
16,定西,41325,127386
17,上海,37498,108054
17,北京,43966,145930
17,定西,39649,117022
17,台湾,28390,80515
17,香港,17991,52886
18,定西,29779,85031
18,台湾,26944,76048
18,上海,26025,73280
18,北京,29713,93066
18,香港,16103,48215
19,台湾,21134,56452
19,北京,16778,53523
19,上海,15321,38258
19,定西,18086,49262
19,香港,13191,39566
20,台湾,14186,35536
20,上海,8498,19310
20,北京,9257,33176
20,定西,10437,27699
20,香港,11728,33188
21,北京,5890,23554
21,定西,5998,15498
21,台湾,8809,21661
21,上海,4521,10913
21,香港,10238,30421
22,上海,3665,8467
22,台湾,5309,13919
22,北京,3987,19062
22,定西,3545,9430
22,香港,9669,28581
23,北京,3198,19365
23,定西,2760,6014
23,上海,3357,6435
23,香港,8706,27657
23,台湾,3348,10043
1,香港,9645,24705
