date,bj,sh,dx,tw,hk
2017-01-01,3961,4656,2340,2051,788
2017-01-02,5703,5687,3238,3536,1694
2017-01-03,9877,7765,3820,4907,2472
2017-01-04,10536,8783,3727,4858,2336
2017-01-05,9777,8223,3585,4719,1857
2017-01-06,8866,7283,3555,3964,2331
2017-01-07,6164,7108,3520,2468,1272
2017-01-08,6099,6824,3795,2936,1498
2017-01-09,10665,7948,3939,4635,2019
2017-01-10,10128,9084,4027,4281,2389
2017-01-11,12121,8992,3930,4479,2438
2017-01-12,11880,8592,3987,4516,2525
2017-01-13,11165,7672,3407,3408,1508
2017-01-14,7521,5434,2847,2522,1118
2017-01-15,6255,5679,3558,2707,1590
2017-01-16,10910,7506,4174,4393,2131
2017-01-17,11482,8506,4117,4448,2410
2017-01-18,10263,6921,4294,4395,2565
2017-01-19,8397,6733,3388,4252,2711
2017-01-20,6871,6314,3179,2956,2402
2017-01-21,4336,3476,3096,1927,1098
2017-01-22,5052,6218,3390,2602,1496
2017-01-23,3974,5941,3958,3864,3607
2017-01-24,2994,4549,4035,3379,2704
2017-01-25,2065,4222,3451,3073,2825
2017-01-26,1293,2773,2454,2256,689
2017-01-27,345,1190,1455,1243,739
2017-01-28,596,1742,1734,1062,680
2017-01-29,850,1739,2137,1118,772
2017-01-30,949,2250,2211,1588,621
2017-01-31,1088,2606,2436,1737,557
2017-02-01,1580,3045,3707,2013,993
2017-02-02,2274,3264,3417,4127,1471
2017-02-03,3963,4558,3527,3815,1635
2017-02-04,4305,4961,4412,2223,1573
2017-02-05,2805,4259,3724,2687,1477
2017-02-06,7413,7829,4978,4958,2114
2017-02-07,8630,8081,4942,5386,2973
2017-02-08,9857,8012,5159,4835,2858
2017-02-09,9389,9233,4969,4294,2465
2017-02-10,9025,8055,4424,4077,2383
2017-02-11,4440,4934,3462,2514,954
2017-02-12,5948,6246,4184,2933,1399
2017-02-13,10894,8840,4248,4883,2599
2017-02-14,10355,9542,4434,4473,3973
2017-02-15,11076,10069,5003,4572,4093
2017-02-16,10908,9217,5426,4660,4070
2017-02-17,9749,9903,4315,4330,4117
2017-02-18,6426,5610,3681,3161,1733
2017-02-19,6985,6793,4328,2889,1367
2017-02-21,11862,10106,5834,4994,2702
2017-02-22,12696,11238,5631,5596,4236
2017-02-23,13972,9281,5193,4982,6193
2017-02-24,10856,9878,4737,4273,6650
2017-02-25,7586,5081,4551,2671,3643
2017-02-26,7721,7155,5036,2777,4061
2017-02-27,13394,10897,5820,3396,6043
2017-02-28,13457,8946,5811,4093,6261
2017-03-01,14470,11121,5906,5703,6906
2017-03-02,13716,9842,5629,5563,5908
2017-03-03,13103,9907,5127,4798,5264
2017-03-04,7741,7081,4798,3530,2490
2017-03-05,8272,5844,5179,3997,2662
2017-03-06,14545,11564,5809,6125,4571
2017-03-07,14705,11393,5558,5717,4664
2017-03-08,14700,9550,6266,5696,4567
2017-03-09,15712,11464,5781,5681,5131
2017-03-10,14013,8670,5116,4866,6742
2017-03-11,7862,6022,4487,3345,7639
2017-03-12,7265,6894,5698,3816,6676
2017-03-13,16247,12728,6864,8593,7455
2017-03-14,15085,11075,6543,6738,8101
2017-03-15,13565,10138,6060,6639,10827
2017-03-16,14171,10448,5705,6430,5618
2017-03-17,11456,9038,5554,5090,4863
2017-03-18,7794,6709,4755,3787,4085
2017-03-19,9118,7704,5153,4658,5950
2017-03-20,13766,10897,6049,7093,5420
2017-03-21,15031,11268,5987,6791,7910
2017-03-22,14746,10657,6648,6945,6805
2017-03-23,15310,9504,5902,6184,6059
2017-03-24,13919,9961,5166,5626,5800
2017-03-25,9255,6504,4993,3705,3725
2017-03-26,9721,6715,5751,4331,5461
2017-03-27,15512,11862,6704,7580,7829
2017-03-29,13927,11199,6502,6357,8107
2017-03-30,13712,11232,6276,5882,7002
2017-03-31,11636,9653,5465,5269,6971
2017-04-01,9675,8304,4543,2940,5301
2017-04-02,5131,5597,4537,2931,4061
2017-04-03,6324,5286,5436,3703,4144
2017-04-04,7373,6594,5895,4554,4174
2017-04-05,15091,10983,6047,6636,6845
2017-04-06,14468,11920,6142,7022,6803
2017-04-07,12216,10308,5415,5265,7052
2017-04-08,8055,7366,5113,4277,6567
2017-04-09,8376,8562,5431,4734,7161
2017-04-10,14284,11118,6874,6752,8900
2017-04-11,13151,10481,6282,6479,8452
2017-04-12,13323,10427,5960,6814,7063
2017-04-13,12908,11355,6005,6087,6171
2017-04-14,12400,9296,6171,5208,5739
2017-04-15,6525,6408,5209,3931,4014
2017-04-16,8099,7565,5367,4842,4435
2017-04-17,15164,11989,6296,7049,8205
2017-04-18,15610,11450,6895,7075,6109
2017-04-19,15332,10935,6466,6855,6745
2017-04-20,13588,11445,6285,6432,5353
2017-04-30,5393,4979,3528,4530,5482
2017-05-01,5633,5637,4810,6267,3814
2017-05-02,11490,10893,6073,7448,4229
2017-05-03,12356,10084,5398,7339,3018
2017-05-04,11825,10381,5989,7041,2811
2017-05-05,11130,10171,5405,5961,3761
2017-05-06,7376,7554,4322,3935,4372
2017-05-07,7078,7189,5971,4999,4435
2017-05-08,12793,9816,6905,7597,4795
2017-05-09,11815,10918,5533,6425,5298
2017-05-10,13727,11499,6140,7081,3562
2017-05-11,13396,8991,5964,6706,2581
2017-05-12,10909,9014,5909,5930,3563
2017-05-13,5877,5177,4609,3569,3516
2017-05-14,6024,6270,5560,4200,3590
2017-05-15,11112,10383,6719,7080,4564
2017-05-16,12436,9904,6411,7254,5588
2017-05-17,12848,11209,6372,6958,5927
2017-05-18,12786,9662,5677,6346,5996
2017-05-19,9549,8990,4830,5507,6841
2017-05-20,5919,5646,4598,4108,7120
2017-05-21,6465,6440,5536,4892,6471
2017-05-22,11727,10465,5841,6852,7038
2017-05-23,11441,10497,6174,7114,10474
2017-05-24,12056,10860,5917,6919,9055
2017-05-25,11164,9396,5084,6198,7667
2017-05-26,10740,8992,6004,5186,7380
2017-05-27,8619,8141,5521,3903,5881
2017-05-28,4824,4596,4996,3882,7004
2017-05-29,5275,5639,5054,4893,8439
2017-05-30,6633,6019,5489,5595,5882
2017-06-01,12160,8908,5344,7479,6045
2017-06-02,11141,8585,5524,6316,3429
2017-06-03,7039,6593,5271,6645,2143
2017-06-04,7686,6088,5521,5546,2057
2017-06-05,12022,10409,5781,7659,8152
2017-06-06,12894,11328,6676,8019,8553
2017-06-07,13127,9763,6693,7261,8413
2017-06-08,11305,9966,6244,7068,7492
2017-06-09,9561,9440,4599,5622,4648
2017-06-10,5919,6265,4254,3606,6562
2017-06-11,6569,6503,6174,4949,7549
2017-06-12,11247,10533,5900,7034,7634
2017-06-13,12246,10504,6186,6907,8205
2017-06-14,12370,11208,6782,7693,7978
2017-06-15,12479,10193,6220,7218,7495
2017-06-16,11220,8234,5080,6924,8622
2017-06-17,5822,4311,4022,5488,6354
2017-06-18,6705,6863,4872,5498,2104
2017-06-19,12319,9628,5579,7590,8290
2017-06-20,13179,13135,5647,6979,8868
2017-06-21,14981,15530,5812,7974,7498
2017-06-22,14710,13658,5896,7298,7003
2017-06-23,13171,11321,4610,5607,2737
2017-06-24,7532,8877,4689,3498,3328
2017-06-25,8672,9411,4489,4038,2051
2017-06-26,13780,15436,6233,7304,6048
2017-06-27,13691,13829,6155,7260,5091
2017-06-28,13973,12283,6052,7160,5531
2017-06-29,15235,10656,6369,7524,8030
2017-06-30,13135,10610,6198,6616,9957
2017-07-01,7387,7391,5102,4582,8548
2017-07-02,8948,9329,6266,5442,3135
2017-07-03,15842,13792,7261,8045,9002
2017-07-04,14649,12374,7693,8391,9510
2017-07-05,15164,16826,7501,7752,10766
2017-07-06,16469,15556,7176,7869,6199
2017-07-07,12831,14004,6038,7006,6722
2017-07-08,7307,8338,6030,4840,2948
2017-07-09,7941,10504,6287,5796,2352
2017-07-10,15523,16277,8144,8088,5702
2017-07-11,15400,13011,7553,8259,6612
2017-07-12,14740,12766,9280,8498,6059
2017-07-13,14932,11256,11792,8286,6226
2017-07-14,13448,9939,6794,7419,6390
2017-07-15,7643,6487,6054,4545,4834
2017-07-16,8841,7383,6669,5625,3787
2017-07-17,14886,10708,7003,7952,7546
2017-07-18,15810,12482,7992,8409,7054
2017-07-19,15233,13365,7627,8156,7154
2017-07-20,15190,13125,7546,8264,8152
2017-07-21,13104,12213,6396,6561,6662
2017-07-22,7352,9974,5533,4269,3487
2017-07-23,9219,9780,6137,5192,3665
2017-07-24,13376,14409,6732,8138,6784
2017-07-25,15053,13829,7465,7824,6797
2017-07-26,14288,10680,6473,7550,7309
2017-07-27,14307,11204,7105,7037,5289
2017-07-28,13007,9156,7002,6570,5171
2017-07-29,7509,6403,6652,4583,5647
2017-07-30,7329,6213,6190,5147,6174
2017-07-31,14171,10905,7767,7677,7767
2017-08-01,14437,10884,7368,8688,7422
2017-08-02,14056,10763,7860,8072,6578
2017-08-03,13812,11317,8094,7634,6783
2017-08-04,10763,10063,6716,7119,6969
2017-08-05,7191,6261,6707,3781,4892
2017-08-06,8166,6813,8339,4809,6639
2017-08-07,13198,11841,7363,7787,7338
2017-08-08,13413,11883,9007,7698,7310
2017-08-09,13416,12737,8441,8226,5950
2017-08-10,17017,12246,11666,8022,5673
2017-08-11,14169,10639,9685,7496,7993
2017-08-12,8102,7014,9181,4466,4359
2017-08-13,8522,8342,8941,4744,5207
2017-08-14,19181,12498,11663,8080,6915
2017-08-15,23753,12097,9634,7804,7397
2017-08-16,65889,11482,10991,8499,6520
2017-08-17,28597,10805,9057,7886,6192
2017-08-18,14462,8841,8149,6341,5655
2017-08-20,9652,6484,8659,5477,4445
2017-08-21,17201,11960,8536,8285,6340
2017-08-22,16894,12827,8925,8517,6606
2017-08-23,16070,10960,9117,8048,6950
2017-08-24,15085,10359,8584,7795,5976
2017-08-25,15472,9681,7476,6316,6204
2017-08-26,7806,5906,7669,4027,5127
2017-08-27,9185,6313,8071,4582,5653
2017-08-28,15101,10408,8351,8161,7669
2017-08-29,17030,11669,9250,7571,6254
2017-08-30,17022,10802,8442,7342,6141
2017-08-31,17328,9981,8232,7056,5719
2017-09-01,14745,8972,8144,5876,5035
2017-09-02,10647,5513,8609,3883,3713
2017-09-03,10745,6409,9269,5199,3970
2017-09-04,18154,11039,9131,7800,6935
2017-09-05,17840,10713,10151,8461,4971
2017-09-06,16120,10872,10031,7954,4362
2017-09-07,14625,10410,9339,7407,5590
2017-09-08,13003,8654,8651,5993,6267
2017-09-09,9496,5727,7366,3895,4169
2017-09-10,9900,7040,8623,5265,3568
2017-09-11,15342,10871,10136,7697,5696
2017-09-12,14743,9699,10328,7357,4697
2017-09-13,12323,7617,10320,7871,5397
2017-09-14,12206,8111,8463,8098,5315
2017-09-15,9935,6967,7449,6232,4654
2017-09-16,8010,4703,8058,4834,4309
2017-09-17,8068,5688,8979,5771,4818
2017-09-18,13088,9236,9445,8450,4974
2017-09-19,15882,9061,8964,8718,4831
2017-09-20,16432,10650,10676,8961,4104
2017-09-21,17471,9258,8211,8831,3393
2017-09-22,17167,7687,7508,7370,4947
2017-09-23,9509,4876,7221,5001,7570
2017-09-24,10228,5684,7812,6203,6197
2017-09-25,24673,9213,8937,9166,8071
2017-09-26,23491,8798,9675,10125,4372
2017-09-27,31808,9250,8897,9956,4721
2017-09-28,42158,8325,8307,8677,5190
2017-09-29,22467,7873,8233,7562,3595
2017-09-30,15867,6280,5991,7577,2361
2017-10-01,5710,3075,5533,7942,1860
2017-10-02,5784,3984,6204,9936,1962
2017-10-03,4310,3082,5978,8341,2021
2017-10-04,3201,3094,5303,6152,1664
2017-10-05,4766,3712,6002,8247,1488
2017-10-06,6411,5161,7360,7303,2115
2017-10-30,21076,11491,10075,12769,5067
2017-10-31,17832,11131,10613,10933,5717
2017-11-01,15955,10693,9785,9240,4871
2017-11-02,15789,11690,9978,9014,4341
2017-11-03,15334,10125,9114,7704,4531
2017-11-04,8125,6460,8124,5953,2096
2017-11-05,8967,7886,10755,6159,2122
2017-11-06,15807,11868,11362,9524,3794
2017-11-07,16384,11831,10771,10258,4177
2017-11-08,15292,10671,10801,10065,4639
2017-11-09,14515,11246,10300,9380,4310
2017-11-10,13112,9265,8348,7813,3764
2017-11-11,7780,5727,7427,5464,1958
2017-11-12,10380,7102,10530,6756,2297
2017-11-13,16482,12604,11392,10233,4493
2017-11-14,16350,12311,11547,10345,6172
2017-11-15,18895,12602,10233,9713,4740
2017-11-16,18777,12884,11083,10563,4476
2017-11-17,14629,11081,10520,9047,4864
2017-11-18,9562,6068,9155,5226,3493
2017-11-19,8773,7937,10356,7075,3710
2017-11-20,15445,12506,10766,11721,4703
2017-11-21,15943,13042,10733,11839,6586
2017-11-22,12516,9711,7409,7837,7376
2017-11-23,9734,7276,7161,7231,4179
2017-11-24,7900,5735,6129,5863,2609
2017-11-25,5422,5047,5702,4237,1779
2017-11-26,6340,5742,6538,5524,2244
2017-11-27,11071,8628,8144,8340,4281
2017-11-28,12144,9004,8251,9125,5582
2017-11-29,10290,8526,7755,7919,6333
2017-11-30,12463,9024,8293,7785,9501
2017-12-01,12410,7785,7146,6345,8742
2017-12-02,7344,5086,6518,4848,5964
2017-12-03,8712,6470,7374,6136,5568
2017-12-04,14723,9739,8544,8621,6986
2017-12-05,12511,8081,6964,7396,6112
2017-12-06,14139,8802,8589,9035,7927
2017-12-07,11287,8723,4997,4671,4920
2017-12-08,12705,7977,5005,3859,6256
2017-12-09,7397,6659,6045,3801,4331
2017-12-10,7816,5413,6935,4892,2314
2017-12-11,15180,11523,8189,7427,6468
2017-12-12,7795,4902,4180,3614,3549
2017-12-13,14537,11282,8132,6498,6781
2017-12-14,15328,10916,8705,6043,3207
2017-12-15,14490,9613,7279,5516,4020
2017-12-16,149,49,68,58,23
2017-12-17,10408,8026,8421,4946,2747
2017-12-18,13443,10322,7757,6689,6626
2017-12-19,12608,9195,7487,7169,3105
2017-12-20,11221,10191,8055,6691,3795
2017-12-21,12512,8355,6887,6085,2118
2017-12-22,12048,9505,7291,6313,2746
2017-12-23,7160,6210,6019,3957,2479
2017-12-24,7440,6544,5752,4532,2798
2017-12-25,14061,10504,8305,7907,3790
2017-12-26,16564,11110,8546,9122,2541
2017-12-27,12419,12983,8433,8291,4780
2017-12-28,12719,12188,7760,6728,3681
2017-12-29,9886,10028,6848,5852,3957
2017-12-30,5719,6802,6115,4358,3184
2017-12-31,5147,6147,4686,3251,1051
