month,hour,freq1,freq2,freq3,freq4,type
1,0,1220,267,68,1419,北京
1,1,1147,276,107,1316,北京
1,2,1333,668,158,1843,北京
1,3,2685,2369,416,4638,北京
1,4,5897,6492,984,11405,北京
1,5,7878,9647,1489,16036,北京
1,6,6963,7678,1365,13276,北京
1,7,3545,4053,763,6835,北京
1,8,4698,5237,945,8990,北京
1,9,6592,7622,1269,12945,北京
1,10,7580,9853,1427,16006,北京
1,11,7564,10455,1579,16440,北京
1,12,5845,7322,1317,11850,北京
1,13,3425,4200,956,6669,北京
1,14,3751,5182,1012,7921,北京
1,15,4492,6780,1408,9864,北京
1,16,4619,7436,1573,10482,北京
1,17,3966,6117,1635,8448,北京
1,18,2684,3671,1267,5088,北京
1,19,1722,1969,741,2950,北京
1,20,1591,1109,406,2294,北京
1,21,1314,450,159,1605,北京
1,22,1195,213,96,1312,北京
1,23,1185,226,52,1359,北京
2,0,191,269,66,394,北京
2,1,246,376,106,516,北京
2,2,403,775,208,970,北京
2,3,2224,3357,478,5103,北京
2,4,6148,8992,1092,14048,北京
2,5,8179,12498,1672,19005,北京
2,6,6803,9210,1249,14764,北京
2,7,3379,4998,894,7483,北京
2,8,4280,6383,884,9779,北京
2,9,6918,10059,1160,15817,北京
2,10,8471,12577,1512,19536,北京
2,11,8777,13451,1511,20717,北京
2,12,6114,9135,1239,14010,北京
2,13,3133,5236,750,7619,北京
2,14,3864,6079,851,9092,北京
2,15,4575,8661,1348,11888,北京
2,16,5144,9679,1810,13013,北京
2,17,4429,8304,1738,10995,北京
2,18,2504,4967,1367,6104,北京
2,19,1223,2259,651,2831,北京
2,20,658,930,253,1335,北京
2,21,349,455,107,697,北京
2,22,234,295,67,462,北京
2,23,235,140,39,336,北京
3,0,704,1007,92,1619,北京
3,1,592,1185,138,1639,北京
3,2,1042,1842,286,2598,北京
3,3,4230,5696,695,9231,北京
3,4,11675,14237,1609,24303,北京
3,5,14970,19248,2119,32099,北京
3,6,12382,14784,1973,25193,北京
3,7,5818,7221,1139,11900,北京
3,8,8208,9678,1148,16738,北京
3,9,11917,14796,1707,25006,北京
3,10,14491,19029,2155,31365,北京
3,11,15001,20195,2371,32825,北京
3,12,11260,14324,1893,23691,北京
3,13,6748,8363,1381,13730,北京
3,14,6685,10144,1680,15149,北京
3,15,7997,13946,2207,19736,北京
3,16,8678,15818,2858,21638,北京
3,17,7278,12413,2583,17108,北京
3,18,4359,7700,1802,10257,北京
3,19,2330,3981,1056,5255,北京
3,20,1370,1944,475,2839,北京
3,21,909,1168,205,1872,北京
3,22,666,760,92,1334,北京
3,23,634,652,77,1209,北京
4,0,696,185,62,819,北京
4,1,678,446,124,1000,北京
4,2,746,755,205,1296,北京
4,3,2903,3976,579,6300,北京
4,4,7083,9138,1415,14806,北京
4,5,8587,12299,1623,19263,北京
4,6,7181,9616,1431,15366,北京
4,7,3910,4174,761,7323,北京
4,8,5095,5904,927,10072,北京
4,9,7385,9244,1285,15344,北京
4,10,8600,11878,1669,18809,北京
4,11,9185,12344,1791,19738,北京
4,12,6628,8539,1271,13896,北京
4,13,4241,4784,955,8070,北京
4,14,4030,6167,921,9276,北京
4,15,4772,8309,1387,11694,北京
4,16,4827,8986,1729,12084,北京
4,17,4496,7491,1731,10256,北京
4,18,3126,4649,1360,6415,北京
4,19,1852,2222,741,3333,北京
4,20,1136,1070,378,1828,北京
4,21,777,559,186,1150,北京
4,22,794,197,104,887,北京
4,23,693,133,57,769,北京
5,0,315,325,98,542,北京
5,1,567,682,230,1019,北京
5,2,1242,1249,448,2043,北京
5,3,3712,5141,847,8006,北京
5,4,9054,12788,1705,20137,北京
5,5,10131,16505,1937,24699,北京
5,6,8740,12814,1758,19796,北京
5,7,4919,5854,963,9810,北京
5,8,5935,7722,1121,12536,北京
5,9,8471,12830,1521,19780,北京
5,10,10433,16126,2100,24459,北京
5,11,10733,16457,2108,25082,北京
5,12,7968,11726,1591,18103,北京
5,13,4327,6923,1143,10107,北京
5,14,4498,8327,1381,11444,北京
5,15,5712,10893,1967,14638,北京
5,16,5734,11992,2070,15656,北京
5,17,4773,10246,2409,12610,北京
5,18,2880,6404,1899,7385,北京
5,19,1659,3295,1059,3895,北京
5,20,1006,1432,459,1979,北京
5,21,491,641,220,912,北京
5,22,388,395,155,628,北京
5,23,312,256,117,451,北京
6,0,713,722,137,1298,北京
6,1,2544,1044,267,3321,北京
6,2,2737,1320,309,3748,北京
6,3,5435,5571,609,10397,北京
6,4,10012,13799,1446,22365,北京
6,5,11811,18232,2047,27996,北京
6,6,10510,14133,1708,22935,北京
6,7,5519,5843,916,10446,北京
6,8,7467,8198,998,14667,北京
6,9,11136,14160,1675,23621,北京
6,10,12531,17748,2034,28245,北京
6,11,13203,18338,2279,29262,北京
6,12,9875,12295,1658,20512,北京
6,13,5603,6603,1181,11025,北京
6,14,5289,7488,1229,11548,北京
6,15,7380,10534,1593,16321,北京
6,16,7579,11933,2186,17326,北京
6,17,5560,10627,2386,13801,北京
6,18,3606,6475,1752,8329,北京
6,19,2385,3103,1005,4483,北京
6,20,1622,1299,402,2519,北京
6,21,1175,636,201,1610,北京
6,22,802,269,74,997,北京
6,23,784,242,68,958,北京
7,0,735,520,143,1112,北京
7,1,1344,1104,240,2208,北京
7,2,2008,1695,424,3279,北京
7,3,5787,5716,763,10740,北京
7,4,12651,14422,1872,25201,北京
7,5,16313,19388,2748,32953,北京
7,6,13713,15492,2013,27192,北京
7,7,7057,7070,1083,13044,北京
7,8,8998,9767,1386,17379,北京
7,9,12684,15788,1998,26474,北京
7,10,15762,19660,2648,32774,北京
7,11,16460,20032,2618,33874,北京
7,12,12509,13861,2098,24272,北京
7,13,6912,7545,1362,13095,北京
7,14,6243,8590,1484,13349,北京
7,15,8183,11872,2070,17985,北京
7,16,9110,13311,2793,19628,北京
7,17,7715,11440,2779,16376,北京
7,18,5545,7087,2247,10385,北京
7,19,2938,3155,1076,5017,北京
7,20,1820,1239,429,2630,北京
7,21,1051,494,141,1404,北京
7,22,840,275,88,1027,北京
7,23,789,209,80,918,北京
8,0,8449,525,84,8890,北京
8,1,7821,1130,213,8738,北京
8,2,4047,1623,383,5287,北京
8,3,7712,6408,923,13197,北京
8,4,15925,15544,2007,29462,北京
8,5,19347,19766,2634,36479,北京
8,6,17100,15527,2332,30295,北京
8,7,9205,6922,1277,14850,北京
8,8,11148,9480,1363,19265,北京
8,9,16418,15548,2136,29830,北京
8,10,20188,19999,2547,37640,北京
8,11,20656,19841,2728,37769,北京
8,12,16170,13691,2100,27761,北京
8,13,10171,7345,1466,16050,北京
8,14,9255,9184,1589,16850,北京
8,15,11286,11669,2159,20796,北京
8,16,12501,12898,2993,22406,北京
8,17,12450,11081,3135,20396,北京
8,18,8525,6743,2429,12839,北京
8,19,6219,3128,1183,8164,北京
8,20,6067,1426,616,6877,北京
8,21,6417,657,255,6819,北京
8,22,6700,261,93,6868,北京
8,23,7680,137,61,7756,北京
9,0,2904,961,94,3771,北京
9,1,2874,1532,212,4194,北京
9,2,3212,2150,346,5016,北京
9,3,11531,5959,786,16704,北京
9,4,21466,13137,1628,32975,北京
9,5,24936,16600,2109,39427,北京
9,6,21073,12965,1701,32337,北京
9,7,12229,6332,1020,17541,北京
9,8,15340,7812,1163,21989,北京
9,9,19175,12547,1459,30263,北京
9,10,23535,16495,1935,38095,北京
9,11,20789,16244,2123,34910,北京
9,12,16153,11666,1492,26327,北京
9,13,12157,7144,1168,18133,北京
9,14,12741,8911,1233,20419,北京
9,15,13508,10906,1911,22503,北京
9,16,12812,11576,2444,21944,北京
9,17,10511,10446,2578,18379,北京
9,18,7200,6893,2029,12064,北京
9,19,6610,4163,980,9793,北京
9,20,5621,2261,422,7460,北京
9,21,4502,1076,224,5354,北京
9,22,2792,1051,116,3727,北京
9,23,2779,866,77,3568,北京
10,0,368,813,18,1163,北京
10,1,198,532,34,696,北京
10,2,258,963,66,1155,北京
10,3,1211,1194,203,2202,北京
10,4,2402,2040,331,4111,北京
10,5,2792,2687,407,5072,北京
10,6,2550,2306,431,4425,北京
10,7,1217,1439,191,2465,北京
10,8,1592,1694,254,3032,北京
10,9,2272,2239,401,4110,北京
10,10,2567,2532,473,4626,北京
10,11,2708,2459,364,4803,北京
10,12,2042,1920,388,3574,北京
10,13,1412,1464,215,2661,北京
10,14,1363,1664,263,2764,北京
10,15,1576,2107,394,3289,北京
10,16,1710,2193,525,3378,北京
10,17,1392,2115,561,2946,北京
10,18,918,1355,437,1836,北京
10,19,721,896,215,1402,北京
10,20,480,659,77,1062,北京
10,21,315,502,30,787,北京
10,22,264,332,21,575,北京
10,23,195,462,12,645,北京
11,0,822,1390,142,2070,北京
11,1,930,1351,200,2081,北京
11,2,1494,1883,250,3127,北京
11,3,5549,5124,725,9948,北京
11,4,13633,11940,1612,23961,北京
11,5,17406,14456,2128,29734,北京
11,6,14535,12187,2056,24666,北京
11,7,7683,6381,1283,12781,北京
11,8,9751,8228,1242,16737,北京
11,9,14465,12227,1820,24872,北京
11,10,17761,14771,2222,30310,北京
11,11,18062,15285,2276,31071,北京
11,12,13045,11196,1716,22525,北京
11,13,7857,7078,1258,13677,北京
11,14,9390,8404,1687,16107,北京
11,15,10841,10279,2356,18764,北京
11,16,11797,11562,3065,20294,北京
11,17,9259,10274,3247,16286,北京
11,18,6306,7158,2240,11224,北京
11,19,3421,3967,1116,6272,北京
11,20,1763,2221,523,3461,北京
11,21,1232,1485,262,2455,北京
11,22,1195,1133,121,2207,北京
11,23,877,1122,136,1863,北京
12,0,416,1471,90,1797,北京
12,1,942,1873,120,2695,北京
12,2,1387,1921,190,3118,北京
12,3,4990,4272,633,8629,北京
12,4,13304,9000,1435,20869,北京
12,5,17546,11701,2007,27240,北京
12,6,14780,10647,2107,23320,北京
12,7,6980,5767,1020,11727,北京
12,8,9661,6877,1169,15369,北京
12,9,13777,9304,1628,21453,北京
12,10,16828,10408,1865,25371,北京
12,11,18172,10642,1893,26921,北京
12,12,12358,7687,1410,18635,北京
12,13,7733,5633,1076,12290,北京
12,14,9583,6471,1529,14525,北京
12,15,11924,8267,2061,18130,北京
12,16,11950,8535,2513,17972,北京
12,17,9474,8039,2777,14736,北京
12,18,6015,6009,2047,9977,北京
12,19,3601,3482,1075,6008,北京
12,20,1593,2116,353,3356,北京
12,21,1018,1771,192,2597,北京
12,22,688,1310,89,1909,北京
12,23,483,1472,54,1901,北京
1,0,434,64,34,464,上海
1,1,499,173,52,620,上海
1,2,729,352,104,977,上海
1,3,2995,1326,262,4059,上海
1,4,7371,3949,678,10642,上海
1,5,9504,6382,828,15058,上海
1,6,7831,5078,666,12243,上海
1,7,4827,3325,449,7703,上海
1,8,6037,4742,543,10236,上海
1,9,7844,5992,628,13208,上海
1,10,9147,7027,839,15335,上海
1,11,8430,6864,772,14522,上海
1,12,5128,4438,601,8965,上海
1,13,3405,3291,518,6178,上海
1,14,4282,4523,744,8061,上海
1,15,4942,5159,1152,8949,上海
1,16,5497,5465,1279,9683,上海
1,17,4346,4962,1330,7978,上海
1,18,3233,3635,1048,5820,上海
1,19,1915,2308,725,3498,上海
1,20,1272,1098,358,2012,上海
1,21,745,505,103,1147,上海
1,22,599,236,53,782,上海
1,23,446,64,35,475,上海
2,0,394,84,45,433,上海
2,1,439,224,60,603,上海
2,2,657,453,51,1059,上海
2,3,2993,1626,221,4398,上海
2,4,7826,5256,562,12520,上海
2,5,10162,8041,852,17351,上海
2,6,8527,6034,717,13844,上海
2,7,5095,4119,572,8642,上海
2,8,6757,6149,681,12225,上海
2,9,8546,8586,751,16381,上海
2,10,10487,9024,861,18650,上海
2,11,10120,8879,911,18088,上海
2,12,6078,5590,756,10912,上海
2,13,3309,3758,558,6509,上海
2,14,4426,4667,821,8272,上海
2,15,5427,6259,1233,10453,上海
2,16,5237,6339,1442,10134,上海
2,17,4076,5496,1539,8033,上海
2,18,2785,3875,1132,5528,上海
2,19,1479,2021,650,2850,上海
2,20,870,855,267,1458,上海
2,21,549,332,134,747,上海
2,22,389,228,67,550,上海
2,23,389,121,47,463,上海
3,0,343,147,45,445,上海
3,1,631,254,92,793,上海
3,2,1041,647,153,1535,上海
3,3,4918,3123,355,7686,上海
3,4,11995,8391,786,19600,上海
3,5,15264,11765,1079,25950,上海
3,6,11877,8900,933,19844,上海
3,7,6403,5952,654,11701,上海
3,8,9570,8796,894,17472,上海
3,9,12274,11386,1117,22543,上海
3,10,13796,12795,1236,25355,上海
3,11,12140,12487,1252,23375,上海
3,12,7498,7578,941,14135,上海
3,13,4355,5928,888,9395,上海
3,14,5223,7528,1264,11487,上海
3,15,6846,8903,1689,14060,上海
3,16,6873,9697,2107,14463,上海
3,17,6030,7923,2239,11714,上海
3,18,3460,5298,1675,7083,上海
3,19,1631,2646,826,3451,上海
3,20,1029,1187,341,1875,上海
3,21,651,488,169,970,上海
3,22,331,213,56,488,上海
3,23,279,154,40,393,上海
4,0,382,99,41,440,上海
4,1,530,173,62,641,上海
4,2,932,447,133,1246,上海
4,3,3946,1992,282,5656,上海
4,4,8447,5568,646,13369,上海
4,5,10467,8005,1060,17412,上海
4,6,8033,5739,769,13003,上海
4,7,4422,3823,557,7688,上海
4,8,6193,5999,794,11398,上海
4,9,7661,7408,778,14291,上海
4,10,7094,8021,951,14164,上海
4,11,6756,8588,983,14361,上海
4,12,4382,5173,743,8812,上海
4,13,2949,3617,516,6050,上海
4,14,3690,4579,699,7570,上海
4,15,5021,5768,1079,9710,上海
4,16,5370,6186,1340,10216,上海
4,17,4668,5937,1631,8974,上海
4,18,3044,3977,1097,5924,上海
4,19,1440,2095,601,2934,上海
4,20,831,822,257,1396,上海
4,21,529,479,121,887,上海
4,22,378,220,55,543,上海
4,23,370,118,37,451,上海
5,0,563,183,66,680,上海
5,1,766,353,88,1031,上海
5,2,1360,694,180,1874,上海
5,3,5277,3174,411,8040,上海
5,4,10702,8214,1036,17880,上海
5,5,13009,11141,1233,22917,上海
5,6,10033,8462,1007,17488,上海
5,7,5157,5334,689,9802,上海
5,8,7741,8028,815,14954,上海
5,9,10636,10139,1088,19687,上海
5,10,11372,11748,1270,21850,上海
5,11,10643,11272,1421,20494,上海
5,12,6799,7196,1083,12912,上海
5,13,4297,5338,905,8730,上海
5,14,4867,5826,1086,9607,上海
5,15,5906,7878,1468,12316,上海
5,16,6653,8954,1953,13654,上海
5,17,5399,7557,1974,10982,上海
5,18,3620,5397,1570,7447,上海
5,19,2014,2342,821,3535,上海
5,20,983,940,366,1557,上海
5,21,592,502,172,922,上海
5,22,442,255,61,636,上海
5,23,541,134,49,626,上海
6,0,2045,176,64,2157,上海
6,1,2690,407,116,2981,上海
6,2,3235,745,200,3780,上海
6,3,6499,2957,390,9066,上海
6,4,12318,8408,885,19841,上海
6,5,15006,11689,1529,25166,上海
6,6,12385,8926,1241,20070,上海
6,7,7024,5291,725,11590,上海
6,8,10077,8189,924,17342,上海
6,9,12463,10926,1149,22240,上海
6,10,12848,12459,1100,24207,上海
6,11,12595,12354,1225,23724,上海
6,12,8590,7803,853,15540,上海
6,13,5089,4997,722,9364,上海
6,14,5351,5633,807,10177,上海
6,15,6487,7540,1261,12766,上海
6,16,7344,9094,1869,14569,上海
6,17,6347,7453,2058,11742,上海
6,18,4891,5012,1387,8516,上海
6,19,3424,2373,671,5126,上海
6,20,2387,1139,340,3186,上海
6,21,2048,465,147,2366,上海
6,22,2252,214,52,2414,上海
6,23,2324,99,28,2395,上海
7,0,1701,1125,94,2732,上海
7,1,1974,1452,193,3233,上海
7,2,3139,1593,294,4438,上海
7,3,7624,4822,510,11936,上海
7,4,13843,10741,1161,23423,上海
7,5,15632,14186,1379,28439,上海
7,6,13022,11127,1365,22784,上海
7,7,7134,7431,925,13640,上海
7,8,10536,10513,1059,19990,上海
7,9,12556,13763,1234,25085,上海
7,10,13845,15172,1474,27543,上海
7,11,13822,15248,1530,27540,上海
7,12,9098,10248,1206,18140,上海
7,13,6239,6467,920,11786,上海
7,14,5953,7540,1218,12275,上海
7,15,7417,9769,1756,15430,上海
7,16,7216,10673,2359,15530,上海
7,17,6604,9591,2535,13660,上海
7,18,4329,6733,1864,9198,上海
7,19,3344,3924,1178,6090,上海
7,20,2109,2162,425,3846,上海
7,21,1476,1073,134,2415,上海
7,22,2138,1156,93,3201,上海
7,23,1215,1204,55,2364,上海
8,0,260,192,85,367,上海
8,1,669,440,246,863,上海
8,2,1247,971,326,1892,上海
8,3,4994,4379,661,8712,上海
8,4,10034,11236,1380,19890,上海
8,5,14104,15596,1975,27725,上海
8,6,10099,12571,1554,21116,上海
8,7,5618,7097,1025,11690,上海
8,8,8262,11016,1078,18200,上海
8,9,10512,15059,1446,24125,上海
8,10,12026,16206,2024,26208,上海
8,11,11401,15656,1864,25193,上海
8,12,6721,10459,1483,15697,上海
8,13,3818,6251,1077,8992,上海
8,14,4383,7135,1403,10115,上海
8,15,5431,9061,2334,12158,上海
8,16,5975,10538,3063,13450,上海
8,17,5324,9453,2962,11815,上海
8,18,3464,6248,2325,7387,上海
8,19,1791,2883,1006,3668,上海
8,20,1552,1353,387,2518,上海
8,21,905,514,145,1274,上海
8,22,325,287,83,529,上海
8,23,206,154,67,293,上海
9,0,224,169,84,309,上海
9,1,355,385,175,565,上海
9,2,772,768,205,1335,上海
9,3,3557,3496,513,6540,上海
9,4,8804,8721,1110,16415,上海
9,5,11298,11992,1457,21833,上海
9,6,8003,8469,1259,15213,上海
9,7,4610,5651,937,9324,上海
9,8,7143,8422,992,14573,上海
9,9,9201,10460,1396,18265,上海
9,10,10138,11695,1405,20428,上海
9,11,10180,11601,1478,20303,上海
9,12,6124,7365,1078,12411,上海
9,13,3759,4734,957,7536,上海
9,14,4259,6045,1204,9100,上海
9,15,5483,7583,1892,11174,上海
9,16,5766,8633,2699,11700,上海
9,17,5103,7613,2889,9827,上海
9,18,3649,4863,2034,6478,上海
9,19,1942,2570,996,3516,上海
9,20,967,981,348,1600,上海
9,21,325,463,188,600,上海
9,22,262,238,74,426,上海
9,23,204,151,56,299,上海
10,0,30,36,16,50,上海
10,1,105,54,22,137,上海
10,2,166,123,37,252,上海
10,3,605,402,119,888,上海
10,4,1478,1148,239,2387,上海
10,5,2264,1464,327,3401,上海
10,6,1759,1166,255,2670,上海
10,7,1076,837,186,1727,上海
10,8,1293,1134,208,2219,上海
10,9,1665,1553,303,2915,上海
10,10,2080,1691,379,3392,上海
10,11,1984,1628,366,3246,上海
10,12,1348,1137,329,2156,上海
10,13,1096,895,226,1765,上海
10,14,1327,1094,338,2083,上海
10,15,1283,1435,413,2305,上海
10,16,1404,1615,606,2413,上海
10,17,1155,1376,649,1882,上海
10,18,752,990,470,1272,上海
10,19,574,529,206,897,上海
10,20,274,247,73,448,上海
10,21,108,131,75,164,上海
10,22,76,59,23,112,上海
10,23,48,36,21,63,上海
11,0,293,134,83,344,上海
11,1,565,249,149,665,上海
11,2,988,549,227,1310,上海
11,3,4464,2706,468,6702,上海
11,4,11804,7444,1044,18204,上海
11,5,15728,10302,1639,24391,上海
11,6,11065,7630,1490,17205,上海
11,7,6243,5104,1018,10329,上海
11,8,9257,7137,1077,15317,上海
11,9,12411,9336,1416,20331,上海
11,10,14235,11068,1699,23604,上海
11,11,14104,10637,1765,22976,上海
11,12,8027,6707,1298,13436,上海
11,13,5471,5373,1121,9723,上海
11,14,7472,6772,1569,12675,上海
11,15,8973,8128,2549,14552,上海
11,16,9178,8712,3133,14757,上海
11,17,7583,8025,3424,12184,上海
11,18,5254,5456,2544,8166,上海
11,19,2546,2571,1191,3926,上海
11,20,1235,1049,456,1828,上海
11,21,580,461,251,790,上海
11,22,590,219,156,653,上海
11,23,266,191,110,347,上海
12,0,687,294,72,909,上海
12,1,872,324,101,1095,上海
12,2,1239,478,107,1610,上海
12,3,5101,1693,284,6510,上海
12,4,12606,4563,832,16337,上海
12,5,16646,6887,1345,22188,上海
12,6,13012,5056,1099,16969,上海
12,7,7899,3592,905,10586,上海
12,8,10830,4938,935,14833,上海
12,9,13534,6159,1110,18583,上海
12,10,14929,6608,1438,20099,上海
12,11,14246,6900,1434,19712,上海
12,12,9460,4164,962,12662,上海
12,13,6544,3202,1007,8739,上海
12,14,7706,4710,1341,11075,上海
12,15,9607,6085,1914,13778,上海
12,16,9986,6403,2326,14063,上海
12,17,8005,5526,2505,11026,上海
12,18,5330,4010,2024,7316,上海
12,19,3196,2021,943,4274,上海
12,20,1481,985,409,2057,上海
12,21,1043,470,132,1381,上海
12,22,718,307,97,928,上海
12,23,671,407,62,1016,上海
1,0,63,162,14,211,定西
1,1,114,396,44,466,定西
1,2,172,752,102,822,定西
1,3,795,1329,268,1856,定西
1,4,1819,2774,552,4041,定西
1,5,2615,4304,1061,5858,定西
1,6,2315,3863,1102,5076,定西
1,7,1549,3133,805,3877,定西
1,8,1828,3245,823,4250,定西
1,9,2132,3846,959,5019,定西
1,10,2509,4138,1086,5561,定西
1,11,2573,4901,1225,6249,定西
1,12,2196,4453,1073,5576,定西
1,13,1477,3290,742,4025,定西
1,14,1388,3833,1017,4204,定西
1,15,1801,4704,1373,5132,定西
1,16,2147,5752,1852,6047,定西
1,17,1963,5306,1910,5359,定西
1,18,1423,4150,1530,4043,定西
1,19,825,2672,565,2932,定西
1,20,487,1583,189,1881,定西
1,21,251,883,109,1025,定西
1,22,147,408,32,523,定西
1,23,78,240,20,298,定西
2,0,79,217,42,254,定西
2,1,135,381,78,438,定西
2,2,196,600,119,677,定西
2,3,950,1345,324,1971,定西
2,4,2137,3311,818,4630,定西
2,5,3277,5094,1324,7047,定西
2,6,2829,5184,1189,6824,定西
2,7,1717,3869,956,4630,定西
2,8,2209,4294,881,5622,定西
2,9,2733,4952,1173,6512,定西
2,10,3270,5649,1221,7698,定西
2,11,3426,6179,1508,8097,定西
2,12,2529,4872,1113,6288,定西
2,13,1554,4008,768,4794,定西
2,14,1686,4579,926,5339,定西
2,15,2185,5988,1479,6694,定西
2,16,2390,7186,1968,7608,定西
2,17,2185,6592,1917,6860,定西
2,18,1571,4460,1284,4747,定西
2,19,785,3220,716,3289,定西
2,20,468,1885,272,2081,定西
2,21,263,1215,129,1349,定西
2,22,176,712,38,850,定西
2,23,81,330,12,399,定西
3,0,85,363,41,407,定西
3,1,130,516,92,554,定西
3,2,414,825,168,1071,定西
3,3,1887,2281,363,3805,定西
3,4,3777,4921,869,7829,定西
3,5,4983,6889,1233,10639,定西
3,6,4017,6115,1074,9058,定西
3,7,2173,4431,684,5920,定西
3,8,2963,4858,818,7003,定西
3,9,4023,6079,1085,9017,定西
3,10,4674,6850,1041,10483,定西
3,11,4533,7490,1187,10836,定西
3,12,3649,5954,931,8672,定西
3,13,2540,5299,827,7012,定西
3,14,2891,6595,1078,8408,定西
3,15,3508,8447,1691,10264,定西
3,16,3918,10220,2364,11774,定西
3,17,3644,9192,2455,10381,定西
3,18,2628,6114,1616,7126,定西
3,19,1458,3791,654,4595,定西
3,20,663,2308,319,2652,定西
3,21,406,1361,95,1672,定西
3,22,171,884,49,1006,定西
3,23,110,403,29,484,定西
4,0,72,309,8,373,定西
4,1,160,399,92,467,定西
4,2,342,622,143,821,定西
4,3,1294,1730,307,2717,定西
4,4,2573,3667,681,5559,定西
4,5,3134,4860,1016,6978,定西
4,6,2766,4448,888,6326,定西
4,7,1465,3303,618,4150,定西
4,8,1733,3283,604,4412,定西
4,9,2580,4095,781,5894,定西
4,10,3214,4936,997,7153,定西
4,11,3373,5430,1189,7614,定西
4,12,2570,4558,936,6192,定西
4,13,1562,4041,766,4837,定西
4,14,1815,4730,943,5602,定西
4,15,2099,6044,1266,6877,定西
4,16,2569,7493,1600,8462,定西
4,17,2178,6849,1480,7547,定西
4,18,1686,4539,1085,5140,定西
4,19,844,2549,617,2776,定西
4,20,481,1440,207,1714,定西
4,21,217,835,66,986,定西
4,22,131,471,43,559,定西
4,23,90,318,19,389,定西
5,0,260,553,196,617,定西
5,1,380,738,203,915,定西
5,2,570,861,262,1169,定西
5,3,1631,2871,682,3820,定西
5,4,3334,5908,1220,8022,定西
5,5,4422,7882,1749,10555,定西
5,6,3952,6747,1479,9220,定西
5,7,2203,4128,953,5378,定西
5,8,2706,4394,884,6216,定西
5,9,3443,5870,1138,8175,定西
5,10,4375,7517,1573,10319,定西
5,11,4287,7642,1705,10224,定西
5,12,3139,6635,1323,8451,定西
5,13,1945,4756,965,5736,定西
5,14,2280,5720,1216,6784,定西
5,15,3128,7991,1838,9281,定西
5,16,3780,9564,2411,10933,定西
5,17,3349,8720,2308,9761,定西
5,18,2403,6590,1670,7323,定西
5,19,1653,3915,756,4812,定西
5,20,894,1990,282,2602,定西
5,21,555,1112,154,1513,定西
5,22,310,764,98,976,定西
5,23,423,521,95,849,定西
6,0,399,519,135,783,定西
6,1,816,824,175,1465,定西
6,2,721,1095,278,1538,定西
6,3,1881,2502,509,3874,定西
6,4,3900,5239,1015,8124,定西
6,5,4840,7212,1417,10635,定西
6,6,4032,6206,1208,9030,定西
6,7,2259,3871,849,5281,定西
6,8,2965,4427,921,6471,定西
6,9,4060,5513,1064,8509,定西
6,10,4584,6989,1367,10206,定西
6,11,4983,7955,1564,11374,定西
6,12,3836,6509,1212,9133,定西
6,13,2666,4816,850,6632,定西
6,14,2644,5076,1153,6567,定西
6,15,3309,7047,1690,8666,定西
6,16,3816,8688,2368,10136,定西
6,17,3312,8666,2342,9636,定西
6,18,2474,6263,1514,7223,定西
6,19,1569,3549,863,4255,定西
6,20,900,2141,338,2703,定西
6,21,553,1118,141,1530,定西
6,22,528,744,84,1188,定西
6,23,372,484,42,814,定西
7,0,745,379,61,1063,定西
7,1,665,756,225,1196,定西
7,2,885,1394,422,1857,定西
7,3,2202,3487,864,4825,定西
7,4,4445,7039,1661,9823,定西
7,5,5810,9961,2335,13436,定西
7,6,4756,8310,2050,11016,定西
7,7,3043,5611,1382,7272,定西
7,8,3371,5875,1176,8070,定西
7,9,4681,7827,1425,11083,定西
7,10,6039,9893,2041,13891,定西
7,11,6587,10470,2582,14475,定西
7,12,4789,8658,2226,11221,定西
7,13,3109,6791,1851,8049,定西
7,14,3217,6865,1608,8474,定西
7,15,3801,8759,2219,10341,定西
7,16,4867,10742,2923,12686,定西
7,17,4397,10935,3415,11917,定西
7,18,3389,8393,2394,9388,定西
7,19,2327,4974,1181,6120,定西
7,20,1223,3013,445,3791,定西
7,21,819,1440,149,2110,定西
7,22,652,804,77,1379,定西
7,23,661,404,57,1008,定西
8,0,784,406,96,1094,定西
8,1,1056,1079,304,1831,定西
8,2,2416,2098,704,3810,定西
8,3,3788,3861,1085,6564,定西
8,4,6739,7745,2226,12258,定西
8,5,7957,10389,2958,15388,定西
8,6,6910,9508,2733,13685,定西
8,7,4511,6464,1566,9409,定西
8,8,5207,6509,1613,10103,定西
8,9,6492,8109,2096,12505,定西
8,10,8010,10669,2794,15885,定西
8,11,8209,11409,3134,16484,定西
8,12,6703,9499,2883,13319,定西
8,13,4388,6607,1973,9022,定西
8,14,4081,7080,2018,9143,定西
8,15,5576,9649,3101,12124,定西
8,16,5752,11724,3846,13630,定西
8,17,5574,11753,4310,13017,定西
8,18,4297,8709,2981,10025,定西
8,19,2729,4836,1313,6252,定西
8,20,2101,2927,514,4514,定西
8,21,938,1787,244,2481,定西
8,22,730,1019,110,1639,定西
8,23,793,597,49,1341,定西
9,0,497,479,59,917,定西
9,1,806,1043,226,1623,定西
9,2,1411,1738,439,2710,定西
9,3,3736,3727,863,6600,定西
9,4,6832,7247,1466,12613,定西
9,5,8515,9520,2052,15983,定西
9,6,6693,8237,1655,13275,定西
9,7,3752,5612,1080,8284,定西
9,8,4195,5429,1126,8498,定西
9,9,6714,6956,1260,12410,定西
9,10,8350,9202,1892,15660,定西
9,11,8650,10220,2140,16730,定西
9,12,5861,8601,1836,12626,定西
9,13,4000,7124,1562,9562,定西
9,14,5230,8411,2084,11557,定西
9,15,6663,11564,2956,15271,定西
9,16,7541,13533,3626,17448,定西
9,17,7000,12935,3897,16038,定西
9,18,5197,9848,2593,12452,定西
9,19,3167,5738,1304,7601,定西
9,20,1880,3047,358,4569,定西
9,21,1237,1857,145,2949,定西
9,22,703,1068,112,1659,定西
9,23,618,540,51,1107,定西
10,0,134,130,46,218,定西
10,1,165,231,41,355,定西
10,2,335,364,124,575,定西
10,3,741,753,343,1151,定西
10,4,1155,1492,573,2074,定西
10,5,1881,2137,970,3048,定西
10,6,1678,1735,690,2723,定西
10,7,1169,1356,472,2053,定西
10,8,1033,1440,443,2030,定西
10,9,1399,1544,406,2537,定西
10,10,1664,1949,536,3077,定西
10,11,2080,2016,676,3420,定西
10,12,1505,1777,564,2718,定西
10,13,1263,1380,387,2256,定西
10,14,1290,1703,676,2317,定西
10,15,1660,2308,882,3086,定西
10,16,1781,2681,1048,3414,定西
10,17,1693,2233,963,2963,定西
10,18,1536,1799,839,2496,定西
10,19,805,997,358,1444,定西
10,20,466,580,156,890,定西
10,21,242,312,108,446,定西
10,22,115,157,25,247,定西
10,23,109,95,9,195,定西
11,0,494,448,141,801,定西
11,1,798,712,196,1314,定西
11,2,1121,1082,318,1885,定西
11,3,3525,2937,712,5750,定西
11,4,6825,7176,1648,12353,定西
11,5,9149,9459,2322,16286,定西
11,6,7467,8263,2205,13525,定西
11,7,5089,5823,1702,9210,定西
11,8,5283,6182,1485,9980,定西
11,9,7070,7670,1867,12873,定西
11,10,9234,9779,2505,16508,定西
11,11,9888,10648,2564,17972,定西
11,12,7129,8564,2303,13390,定西
11,13,4808,6839,1952,9695,定西
11,14,6520,9280,2701,13099,定西
11,15,8153,12345,4211,16287,定西
11,16,9803,14259,4802,19260,定西
11,17,8819,12735,4886,16668,定西
11,18,6380,9514,3700,12194,定西
11,19,3334,4980,1615,6699,定西
11,20,1706,2534,636,3604,定西
11,21,974,1356,298,2032,定西
11,22,602,709,102,1209,定西
11,23,533,464,52,945,定西
12,0,232,352,98,486,定西
12,1,464,657,204,917,定西
12,2,577,751,217,1111,定西
12,3,2677,1938,593,4022,定西
12,4,5960,4420,1394,8986,定西
12,5,8371,7021,2122,13270,定西
12,6,7018,5920,1771,11167,定西
12,7,3866,4100,1211,6755,定西
12,8,4374,4443,1222,7595,定西
12,9,6044,5395,1562,9877,定西
12,10,7733,6581,2037,12277,定西
12,11,8271,6935,2284,12922,定西
12,12,6274,5579,1801,10052,定西
12,13,4571,4813,1556,7828,定西
12,14,5294,6300,2234,9360,定西
12,15,7537,8676,3315,12898,定西
12,16,8619,9886,4146,14359,定西
12,17,7766,8875,4001,12640,定西
12,18,5250,6197,2820,8627,定西
12,19,2714,3917,1531,5100,定西
12,20,1227,2192,510,2909,定西
12,21,689,1076,243,1522,定西
12,22,321,649,119,851,定西
12,23,207,303,66,444,定西
1,0,98,340,233,205,台湾
1,1,132,390,302,220,台湾
1,2,242,600,340,502,台湾
1,3,909,1164,542,1531,台湾
1,4,1918,2461,1070,3309,台湾
1,5,2681,3695,1397,4979,台湾
1,6,2877,4314,1727,5464,台湾
1,7,1619,2705,1188,3136,台湾
1,8,2227,3209,1272,4164,台湾
1,9,2990,4446,1614,5822,台湾
1,10,3297,4975,2012,6260,台湾
1,11,3375,4782,2080,6077,台湾
1,12,2644,3925,1720,4849,台湾
1,13,1620,2468,1288,2800,台湾
1,14,1204,2181,1223,2162,台湾
1,15,1437,3020,1788,2669,台湾
1,16,1710,3874,2661,2923,台湾
1,17,1724,3872,2769,2827,台湾
1,18,1502,3811,2622,2691,台湾
1,19,1369,2936,2060,2245,台湾
1,20,737,1891,1360,1268,台湾
1,21,414,1110,752,772,台湾
1,22,250,612,399,463,台湾
1,23,138,385,260,263,台湾
2,0,103,267,209,161,台湾
2,1,84,314,195,203,台湾
2,2,180,499,313,366,台湾
2,3,872,1140,560,1452,台湾
2,4,1818,2588,1005,3401,台湾
2,5,2646,4230,1541,5335,台湾
2,6,3124,4762,1716,6170,台湾
2,7,1708,3031,1328,3411,台湾
2,8,2333,3619,1486,4466,台湾
2,9,3141,5191,2081,6251,台湾
2,10,3337,5785,2238,6884,台湾
2,11,3532,5947,2360,7119,台湾
2,12,2769,5060,1875,5954,台湾
2,13,1473,2862,1241,3094,台湾
2,14,1094,2460,1212,2342,台湾
2,15,1290,3005,1691,2604,台湾
2,16,1406,3874,2354,2926,台湾
2,17,1704,4302,2814,3192,台湾
2,18,1356,3710,2548,2518,台湾
2,19,1009,3177,2094,2092,台湾
2,20,548,1825,1203,1170,台湾
2,21,295,913,570,638,台湾
2,22,181,558,314,425,台湾
2,23,111,379,209,281,台湾
3,0,202,585,324,463,台湾
3,1,177,622,412,387,台湾
3,2,325,895,513,707,台湾
3,3,1315,1989,758,2546,台湾
3,4,2613,4270,1343,5540,台湾
3,5,4216,6458,2125,8549,台湾
3,6,4773,7037,2335,9475,台湾
3,7,2732,4279,1651,5360,台湾
3,8,3767,5691,1903,7555,台湾
3,9,4825,7478,2553,9750,台湾
3,10,5274,8514,2868,10920,台湾
3,11,5562,8760,3064,11258,台湾
3,12,4507,6986,2435,9058,台湾
3,13,2532,4083,1624,4991,台湾
3,14,1797,3906,1742,3961,台湾
3,15,2314,5142,2719,4737,台湾
3,16,2654,6389,3621,5422,台湾
3,17,2692,6970,4173,5489,台湾
3,18,2422,6621,4244,4799,台湾
3,19,1518,4851,3242,3127,台湾
3,20,926,3082,2059,1949,台湾
3,21,675,1885,1269,1291,台湾
3,22,424,968,625,767,台湾
3,23,242,590,384,448,台湾
4,0,167,369,239,297,台湾
4,1,156,473,254,375,台湾
4,2,265,913,469,709,台湾
4,3,906,1553,675,1784,台湾
4,4,1806,2903,1072,3637,台湾
4,5,2689,4463,1728,5424,台湾
4,6,2844,4847,1744,5947,台湾
4,7,1603,3224,1367,3460,台湾
4,8,2220,3984,1573,4631,台湾
4,9,2721,5111,2006,5826,台湾
4,10,3199,5818,2174,6843,台湾
4,11,3479,5751,2262,6968,台湾
4,12,2601,4840,1925,5516,台湾
4,13,1552,3065,1367,3250,台湾
4,14,1361,2895,1466,2790,台湾
4,15,1505,3730,2123,3112,台湾
4,16,1703,4728,2849,3582,台湾
4,17,1837,4846,3018,3665,台湾
4,18,1746,4966,3263,3449,台湾
4,19,1149,3585,2285,2449,台湾
4,20,700,2251,1420,1531,台湾
4,21,459,1433,882,1010,台湾
4,22,234,820,487,567,台湾
4,23,150,496,306,340,台湾
5,0,268,624,361,531,台湾
5,1,289,699,466,522,台湾
5,2,483,1126,686,923,台湾
5,3,1446,2459,1008,2897,台湾
5,4,3049,4758,1774,6033,台湾
5,5,4014,7005,2425,8594,台湾
5,6,4761,8198,2908,10051,台湾
5,7,2601,4754,1814,5541,台湾
5,8,3474,6099,2129,7444,台湾
5,9,5048,8096,2971,10173,台湾
5,10,5223,8950,3386,10787,台湾
5,11,5114,8636,3224,10526,台湾
5,12,4096,7131,2623,8604,台湾
5,13,2560,5016,2076,5500,台湾
5,14,2162,4477,2043,4596,台湾
5,15,2496,5847,3013,5330,台湾
5,16,2828,6629,3819,5638,台湾
5,17,2671,7074,4179,5566,台湾
5,18,2331,7193,4479,5045,台湾
5,19,1793,5379,3525,3647,台湾
5,20,1146,3603,2218,2531,台湾
5,21,725,2161,1231,1655,台湾
5,22,511,1168,574,1105,台湾
5,23,346,668,375,639,台湾
6,0,614,628,419,823,台湾
6,1,765,755,526,994,台湾
6,2,1081,1176,675,1582,台湾
6,3,2026,2322,1086,3262,台湾
6,4,4115,4933,1814,7234,台湾
6,5,5314,7253,2611,9956,台湾
6,6,5952,7681,2566,11067,台湾
6,7,3258,4822,1849,6231,台湾
6,8,4622,6377,2035,8964,台湾
6,9,6455,8602,2865,12192,台湾
6,10,6829,9297,3265,12861,台湾
6,11,6488,9332,3139,12681,台湾
6,12,5740,7216,2554,10402,台湾
6,13,3451,4624,1848,6227,台湾
6,14,2504,3811,1664,4651,台湾
6,15,2844,5143,2667,5320,台湾
6,16,3398,6326,3486,6238,台湾
6,17,3091,7128,4269,5950,台湾
6,18,2780,6906,4152,5534,台湾
6,19,2356,5104,3238,4222,台湾
6,20,1494,3679,2058,3115,台湾
6,21,1106,2303,1316,2093,台湾
6,22,1007,1383,730,1660,台湾
6,23,776,913,496,1193,台湾
7,0,797,719,442,1074,台湾
7,1,872,866,568,1170,台湾
7,2,1219,1304,814,1709,台湾
7,3,2512,2835,1286,4061,台湾
7,4,4494,5748,2110,8132,台湾
7,5,5886,8631,3169,11348,台湾
7,6,6404,9081,3126,12359,台湾
7,7,3571,5613,2126,7058,台湾
7,8,4978,6949,2487,9440,台湾
7,9,6617,9115,3308,12424,台湾
7,10,6922,10659,3954,13627,台湾
7,11,7037,10668,4035,13670,台湾
7,12,5530,8597,3003,11124,台湾
7,13,3435,5158,2237,6356,台湾
7,14,2635,4355,2229,4761,台湾
7,15,3229,5607,3261,5575,台湾
7,16,3397,7230,4123,6504,台湾
7,17,3317,7465,4653,6129,台湾
7,18,3122,7190,4395,5917,台湾
7,19,2347,5507,3444,4410,台湾
7,20,1715,3317,2105,2927,台湾
7,21,1284,1780,1134,1930,台湾
7,22,1092,1219,656,1655,台湾
7,23,1033,714,396,1351,台湾
8,0,530,493,329,694,台湾
8,1,894,890,589,1195,台湾
8,2,1420,1291,793,1918,台湾
8,3,2637,2813,1161,4289,台湾
8,4,4840,6079,2117,8802,台湾
8,5,6053,8536,3090,11499,台湾
8,6,6610,9664,3282,12992,台湾
8,7,3743,5676,2054,7365,台湾
8,8,5303,7178,2483,9998,台湾
8,9,6843,10356,3442,13757,台湾
8,10,7304,10911,3738,14477,台湾
8,11,7248,10367,3462,14153,台湾
8,12,5583,7842,2854,10571,台湾
8,13,2906,4557,1882,5581,台湾
8,14,2225,4021,1899,4347,台湾
8,15,2773,5180,2739,5214,台湾
8,16,3007,6487,3794,5700,台湾
8,17,3049,7424,4724,5749,台湾
8,18,2928,6610,4495,5043,台湾
8,19,2041,5047,3207,3881,台湾
8,20,1325,3040,1883,2482,台湾
8,21,1287,1666,1107,1846,台湾
8,22,1110,946,625,1431,台湾
8,23,942,654,437,1159,台湾
9,0,445,830,395,880,台湾
9,1,528,846,514,860,台湾
9,2,929,1259,685,1503,台湾
9,3,2057,2887,1168,3776,台湾
9,4,4357,5405,2000,7762,台湾
9,5,6133,8242,3072,11303,台湾
9,6,6847,9122,3193,12776,台湾
9,7,3730,5991,2146,7575,台湾
9,8,5119,7097,2279,9937,台湾
9,9,7210,9749,3458,13501,台湾
9,10,7209,10291,3633,13867,台湾
9,11,7276,10386,3773,13889,台湾
9,12,5676,8434,2959,11151,台湾
9,13,3155,5117,2006,6266,台湾
9,14,2516,5092,2308,5300,台湾
9,15,2886,6199,3276,5809,台湾
9,16,3294,7375,4309,6360,台湾
9,17,3438,8255,5190,6503,台湾
9,18,3171,7855,4999,6027,台湾
9,19,2004,5924,3698,4230,台湾
9,20,1513,3644,2221,2936,台湾
9,21,957,2242,1312,1887,台湾
9,22,756,1258,629,1385,台湾
9,23,641,843,338,1146,台湾
10,0,155,626,110,671,台湾
10,1,127,644,148,623,台湾
10,2,176,645,189,632,台湾
10,3,630,1135,367,1398,台湾
10,4,1216,2067,573,2710,台湾
10,5,1953,2917,891,3979,台湾
10,6,2180,3063,1044,4199,台湾
10,7,1157,1908,723,2342,台湾
10,8,1671,2260,784,3147,台湾
10,9,2067,2971,925,4113,台湾
10,10,2461,3272,1182,4551,台湾
10,11,2289,3348,1140,4497,台湾
10,12,1874,2502,931,3445,台湾
10,13,1155,1678,690,2143,台湾
10,14,893,1616,791,1718,台湾
10,15,860,2044,1068,1836,台湾
10,16,1108,2520,1463,2165,台湾
10,17,1261,2711,1786,2186,台湾
10,18,1060,2576,1639,1997,台湾
10,19,798,1904,1201,1501,台湾
10,20,483,1428,773,1138,台湾
10,21,237,866,403,700,台湾
10,22,193,383,230,346,台湾
10,23,100,435,139,396,台湾
11,0,631,832,557,906,台湾
11,1,456,1102,641,917,台湾
11,2,717,1457,882,1292,台湾
11,3,2388,3099,1434,4053,台湾
11,4,4922,5794,2479,8237,台湾
11,5,7429,8127,3434,12122,台湾
11,6,8108,9459,3816,13751,台湾
11,7,4541,5951,2552,7940,台湾
11,8,6107,7206,2867,10446,台湾
11,9,8315,9694,3967,14042,台湾
11,10,9070,10764,4636,15198,台湾
11,11,8925,10559,4546,14938,台湾
11,12,7351,9099,3805,12645,台湾
11,13,3915,5788,2794,6909,台湾
11,14,3419,5340,3044,5715,台湾
11,15,4533,6990,4477,7046,台湾
11,16,4585,8516,5631,7470,台湾
11,17,5000,9536,6844,7692,台湾
11,18,4558,9052,6694,6916,台湾
11,19,3331,6822,4979,5174,台湾
11,20,2107,4409,2925,3591,台湾
11,21,1228,2286,1459,2055,台湾
11,22,740,1286,846,1180,台湾
11,23,501,908,605,804,台湾
12,0,404,925,372,957,台湾
12,1,533,1076,564,1045,台湾
12,2,777,1261,690,1348,台湾
12,3,1978,2064,1015,3027,台湾
12,4,4202,3674,1837,6039,台湾
12,5,6168,5203,2633,8738,台湾
12,6,6686,6023,2825,9884,台湾
12,7,3871,3499,1891,5479,台湾
12,8,5285,4197,2023,7459,台湾
12,9,6887,5444,2759,9572,台湾
12,10,7284,6514,3117,10681,台湾
12,11,7753,6504,3205,11052,台湾
12,12,6421,5363,2718,9066,台湾
12,13,3514,3614,2068,5060,台湾
12,14,3017,3872,2075,4814,台湾
12,15,3868,5017,3241,5644,台湾
12,16,4056,5426,3845,5637,台湾
12,17,4235,5303,4208,5330,台湾
12,18,4188,5338,4380,5146,台湾
12,19,3124,4511,3493,4142,台湾
12,20,1827,3032,2124,2735,台湾
12,21,1203,1955,1220,1938,台湾
12,22,732,1397,700,1429,台湾
12,23,419,1007,379,1047,台湾
1,0,70,476,166,380,香港
1,2,149,213,32,330,香港
1,3,306,461,89,678,香港
1,4,923,1356,355,1924,香港
1,5,1771,2311,548,3534,香港
1,6,1828,2464,634,3658,香港
1,7,986,1538,359,2165,香港
1,8,1068,1757,427,2398,香港
1,9,1697,2141,517,3321,香港
1,10,1996,2476,623,3849,香港
1,11,2037,2420,646,3811,香港
1,12,1730,2118,589,3259,香港
1,13,1135,1462,318,2279,香港
1,14,1053,1315,372,1996,香港
1,15,1313,1376,433,2256,香港
1,16,1361,1422,454,2329,香港
1,17,1327,1672,579,2420,香港
1,18,1112,1308,421,1999,香港
1,19,779,867,307,1339,香港
1,20,527,661,225,963,香港
1,21,325,647,160,812,香港
1,22,156,691,155,692,香港
1,23,107,539,121,525,香港
1,1,67,328,88,307,香港
2,0,402,292,11,683,香港
2,1,168,222,15,375,香港
2,3,565,608,102,1071,香港
2,4,1571,1744,347,2968,香港
2,5,2646,3127,585,5188,香港
2,6,2577,3474,654,5397,香港
2,7,2010,2216,329,3897,香港
2,8,2170,2348,322,4196,香港
2,9,2930,3034,496,5468,香港
2,10,3167,3459,632,5994,香港
2,11,3464,3835,647,6652,香港
2,12,3056,3231,731,5556,香港
2,13,2098,2148,425,3821,香港
2,14,1842,1979,390,3431,香港
2,15,1730,2144,424,3450,香港
2,16,1610,2177,577,3210,香港
2,17,1826,2106,579,3353,香港
2,18,1556,1580,355,2781,香港
2,19,1382,1318,294,2406,香港
2,20,1075,897,130,1842,香港
2,21,743,938,63,1618,香港
2,22,680,367,35,1012,香港
2,23,637,354,38,953,香港
2,2,278,255,38,495,香港
3,0,888,3627,35,4480,香港
3,1,1046,3221,39,4228,香港
3,2,1114,3641,51,4704,香港
3,3,1366,3956,125,5197,香港
3,4,2856,5837,435,8258,香港
3,5,3917,7553,647,10823,香港
3,6,4133,7755,762,11126,香港
3,7,2944,5560,463,8041,香港
3,8,3111,5506,483,8134,香港
3,9,4371,6198,743,9826,香港
3,10,4296,6527,885,9938,香港
3,11,3866,6790,940,9716,香港
3,12,3815,6386,751,9450,香港
3,13,3011,5358,452,7917,香港
3,14,2778,4268,501,6545,香港
3,15,2836,4850,597,7089,香港
3,16,2882,4605,762,6725,香港
3,17,2862,4663,797,6728,香港
3,18,2576,4300,635,6241,香港
3,19,2198,3691,388,5501,香港
3,20,1796,3697,239,5254,香港
3,21,1565,3388,107,4846,香港
3,22,1287,3452,60,4679,香港
3,23,1135,3730,39,4826,香港
4,0,2489,1460,37,3912,香港
4,1,1960,1441,18,3383,香港
4,2,2212,1594,50,3756,香港
4,3,2628,1880,147,4361,香港
4,4,3144,3288,300,6132,香港
4,5,3374,3913,494,6793,香港
4,6,3293,3890,529,6654,香港
4,7,2488,3079,358,5209,香港
4,8,3266,3123,377,6012,香港
4,9,3660,3649,528,6781,香港
4,10,4103,3686,626,7163,香港
4,11,3747,3933,559,7121,香港
4,12,3130,3465,562,6033,香港
4,13,3031,2844,369,5506,香港
4,14,3068,2410,362,5116,香港
4,15,2908,2405,467,4846,香港
4,16,2961,2605,502,5064,香港
4,17,2728,2409,513,4624,香港
4,18,2919,2018,421,4516,香港
4,19,2324,1836,295,3865,香港
4,20,2199,1443,199,3443,香港
4,21,2256,1410,82,3584,香港
4,22,2402,1443,38,3807,香港
4,23,2130,1132,41,3221,香港
5,0,2420,1720,25,4115,香港
5,1,2924,1830,39,4715,香港
5,2,3006,1632,68,4570,香港
5,3,2955,2166,178,4943,香港
5,4,4213,3347,482,7078,香港
5,5,5167,4323,684,8806,香港
5,6,5313,4457,743,9027,香港
5,7,4406,3384,526,7264,香港
5,8,4622,3344,489,7477,香港
5,9,4776,4495,771,8500,香港
5,10,5217,4989,888,9318,香港
5,11,5113,4631,893,8851,香港
5,12,4362,4212,862,7712,香港
5,13,4142,2994,512,6624,香港
5,14,4254,3200,446,7008,香港
5,15,3801,3115,562,6354,香港
5,16,3794,3218,660,6352,香港
5,17,3429,3179,706,5902,香港
5,18,3520,2644,483,5681,香港
5,19,2977,2375,349,5003,香港
5,20,2945,2239,213,4971,香港
5,21,2611,2198,123,4686,香港
5,22,2654,1774,73,4355,香港
5,23,2670,1915,35,4550,香港
6,0,2998,1846,60,4784,香港
6,1,2421,2239,41,4619,香港
6,2,2495,1948,69,4374,香港
6,3,3101,2482,196,5387,香港
6,4,4104,3589,416,7277,香港
6,5,5062,5153,707,9508,香港
6,6,5562,5057,690,9929,香港
6,7,4769,3995,528,8236,香港
6,8,4361,4312,521,8152,香港
6,9,5126,5252,719,9659,香港
6,10,5649,6002,858,10793,香港
6,11,6133,5770,917,10986,香港
6,12,5211,5904,824,10291,香港
6,13,4300,4251,463,8088,香港
6,14,4102,3946,411,7637,香港
6,15,4115,3940,479,7576,香港
6,16,4186,4048,614,7620,香港
6,17,3542,4623,566,7599,香港
6,18,4030,4028,557,7501,香港
6,19,3809,3092,351,6550,香港
6,20,3272,2572,173,5671,香港
6,21,3202,2173,102,5273,香港
6,22,2813,2488,58,5243,香港
6,23,2608,2186,33,4761,香港
7,0,3568,386,22,3932,香港
7,1,4132,333,73,4392,香港
7,2,4346,527,120,4753,香港
7,3,4598,1128,228,5498,香港
7,4,6256,2935,614,8577,香港
7,5,7752,4233,793,11192,香港
7,6,7271,4168,1056,10383,香港
7,7,6024,2339,564,7799,香港
7,8,5755,2613,681,7687,香港
7,9,7030,3816,912,9934,香港
7,10,7290,4862,1112,11040,香港
7,11,7540,4658,1044,11154,香港
7,12,6817,4404,1089,10132,香港
7,13,6591,2527,588,8530,香港
7,14,5820,2307,611,7516,香港
7,15,5659,2470,583,7546,香港
7,16,5727,2819,740,7806,香港
7,17,6217,2717,769,8165,香港
7,18,5883,2076,768,7191,香港
7,19,5129,1141,379,5891,香港
7,20,5210,963,233,5940,香港
7,21,4860,566,127,5299,香港
7,22,4966,416,54,5328,香港
7,23,4208,397,12,4593,香港
8,0,3811,131,36,3906,香港
8,1,3829,247,99,3977,香港
8,2,4055,422,171,4306,香港
8,3,4054,825,276,4603,香港
8,4,6556,2915,677,8794,香港
8,5,6943,4382,949,10376,香港
8,6,7759,4549,1089,11219,香港
8,7,5816,2484,712,7588,香港
8,8,5890,3057,676,8271,香港
8,9,7450,4359,1041,10768,香港
8,10,7780,4994,1277,11497,香港
8,11,7961,5265,1314,11912,香港
8,12,7571,4316,1132,10755,香港
8,13,5408,2179,669,6918,香港
8,14,5424,1852,539,6737,香港
8,15,5757,2786,746,7797,香港
8,16,4603,3168,924,6847,香港
8,17,5593,2883,1003,7473,香港
8,18,5221,2306,934,6593,香港
8,19,4536,1580,577,5539,香港
8,20,4339,796,297,4838,香港
8,21,3924,386,117,4193,香港
8,22,4179,207,54,4332,香港
8,23,4128,200,72,4256,香港
9,0,2474,234,42,2666,香港
9,1,2561,258,60,2759,香港
9,2,2585,353,150,2788,香港
9,3,3269,867,249,3887,香港
9,4,4624,2833,719,6738,香港
9,5,5063,3423,1012,7474,香港
9,6,5228,3620,1050,7798,香港
9,7,4220,2076,653,5643,香港
9,8,4485,2543,632,6396,香港
9,9,5394,3598,942,8050,香港
9,10,6247,4202,1215,9234,香港
9,11,6441,4023,1006,9458,香港
9,12,5529,3460,1041,7948,香港
9,13,4197,2158,685,5670,香港
9,14,4356,1850,516,5690,香港
9,15,4720,2283,670,6333,香港
9,16,4473,2322,897,5898,香港
9,17,4235,2309,964,5580,香港
9,18,4326,2087,820,5593,香港
9,19,3664,1268,597,4335,香港
9,20,3342,659,295,3706,香港
9,21,3432,453,150,3735,香港
9,22,2466,323,53,2736,香港
9,23,3048,211,27,3232,香港
10,0,84,106,8,182,香港
10,1,83,45,9,119,香港
10,2,91,148,15,224,香港
10,3,183,225,67,341,香港
10,4,631,524,159,996,香港
10,5,890,739,232,1397,香港
10,6,667,708,288,1087,香港
10,7,596,639,214,1021,香港
10,8,557,643,178,1022,香港
10,9,660,625,258,1027,香港
10,10,879,866,347,1398,香港
10,11,896,1030,274,1652,香港
10,12,712,894,261,1345,香港
10,13,471,606,174,903,香港
10,14,354,542,141,755,香港
10,15,386,508,177,717,香港
10,16,509,591,277,823,香港
10,17,423,827,323,927,香港
10,18,424,457,189,692,香港
10,19,233,375,118,490,香港
10,20,187,213,72,328,香港
10,21,86,158,33,211,香港
10,22,95,124,13,206,香港
10,23,68,136,4,200,香港
11,0,697,1063,37,1723,香港
11,1,828,1030,64,1794,香港
11,2,1045,1126,136,2035,香港
11,3,1699,1566,233,3032,香港
11,4,3752,3432,672,6512,香港
11,5,5259,4136,1031,8364,香港
11,6,4830,4209,1186,7853,香港
11,7,3042,2769,679,5132,香港
11,8,3344,2923,667,5600,香港
11,9,4894,3871,1021,7744,香港
11,10,5062,4436,1143,8355,香港
11,11,5305,4664,1208,8761,香港
11,12,4582,4061,1212,7431,香港
11,13,2554,2362,707,4209,香港
11,14,2761,2321,731,4351,香港
11,15,2961,2638,936,4663,香港
11,16,3452,2904,1127,5229,香港
11,17,3456,2753,1090,5119,香港
11,18,2596,2341,1022,3915,香港
11,19,2234,1677,605,3306,香港
11,20,1547,998,343,2202,香港
11,21,1650,861,195,2316,香港
11,22,1262,1059,120,2201,香港
11,23,1249,760,36,1973,香港
12,0,1784,1388,48,3124,香港
12,1,2075,1062,59,3078,香港
12,2,2063,1186,112,3137,香港
12,3,2623,1800,179,4244,香港
12,4,4370,2808,628,6550,香港
12,5,5375,3760,1050,8085,香港
12,6,4871,3349,966,7254,香港
12,7,3283,2405,454,5234,香港
12,8,4081,2502,538,6045,香港
12,9,4655,3410,804,7261,香港
12,10,5346,3340,1037,7649,香港
12,11,5346,3471,1041,7776,香港
12,12,4708,2971,852,6827,香港
12,13,3425,2501,654,5272,香港
12,14,3062,2230,608,4684,香港
12,15,3193,2157,694,4656,香港
12,16,3349,2310,765,4894,香港
12,17,3288,1810,697,4401,香港
12,18,3159,1851,623,4387,香港
12,19,2678,1594,438,3834,香港
12,20,2013,1326,272,3067,香港
12,21,1735,1092,134,2693,香港
12,22,1559,1387,74,2872,香港
12,23,1666,1149,47,2768,香港
