hour,bj_1,bj_2,sh_1,sh_2,dx_1,dx_2,tw_1,tw_2,hk_1,hk_2,gz_1,gz_2,nj_1,nj_2,wh_1,wh_2,hz_1,hz_2,cd_1,cd_2
0,3792,22196,2287,7772,1639,6522,2281,9371,9789,24625,1165,2873,949,2626,758,2028,2675,5919,230,1023
1,5107,26307,3131,11452,2967,10454,2669,11021,9645,24705,1550,4367,1051,3452,906,2681,3226,6885,318,1663
2,7758,28995,5657,17668,5393,15949,4067,16173,9000,27484,2626,7774,2098,6525,1474,4959,4159,9418,922,3623
3,15276,97476,12912,71757,11292,42576,6081,39055,10831,34480,6217,33134,5228,28740,4510,25214,6070,23979,3018,16468
4,33314,227465,28725,172142,23464,86971,10612,79418,13767,63841,12561,73295,12981,74478,11498,60042,9600,47486,8524,48454
5,49021,283902,41237,225297,34884,114798,16825,113117,17189,83083,19572,93737,19287,97159,17737,78262,13599,59470,13902,66370
6,45033,228656,37477,167327,32335,96634,20861,123556,18203,82829,19170,88287,16228,69468,15050,62054,11558,44424,13283,57483
7,28526,108989,26739,96325,23516,60981,17264,68323,15400,57668,10964,36581,10987,37786,8731,25931,8656,30027,7863,24421
8,30413,148740,31258,147501,23767,68479,18219,92753,16222,61159,11674,45102,12985,52087,8775,31322,9971,40275,7897,31384
9,40554,227020,38724,191346,28448,90779,23775,125597,17714,79377,14555,68094,16716,78772,12263,52928,12359,54837,10056,47694
10,52779,277044,45730,209781,35073,112735,28385,134774,20336,86535,19945,92047,20552,96367,16783,75079,14583,60819,13676,64014
11,56397,280656,47368,201167,39648,118507,28864,134254,19355,88984,23009,100421,21988,97001,18180,79492,15479,58365,15432,69386
12,43962,199367,34135,122976,33489,92350,25441,106346,19226,77419,18548,74583,16095,61463,14426,53523,11889,34433,12882,50556
13,30486,115551,25235,78947,25742,67905,18454,60844,16208,55545,11922,37708,10669,35945,9441,30027,10359,29530,7914,23916
14,33517,129786,30571,94420,28187,80321,17437,51416,15696,51398,13287,43592,13734,50123,11766,43471,11215,36795,8530,29638
15,44548,161921,37536,118855,35787,107155,21887,65072,16619,53432,17462,59903,17606,67314,14736,56928,14250,45377,11525,42361
16,49107,173273,41791,127017,41325,127386,26766,75754,17531,53565,20767,67005,20212,69486,16270,59168,15448,47272,13231,47486
17,43966,145930,37498,108054,39649,117022,28390,80515,17991,52886,20099,61163,16670,54985,12984,39868,13902,39487,12484,41701
18,29713,93066,26025,73280,29779,85031,26944,76048,16103,48215,15717,44527,10874,31453,8979,24892,10080,26744,9897,29064
19,16778,53523,15321,38258,18086,49262,21134,56452,13191,39566,9572,25679,5518,14537,4760,12708,6407,14181,5403,14910
20,9257,33176,8498,19310,10437,27699,14186,35536,11728,33188,5040,12020,2967,7062,2430,6328,4141,8469,1961,6453
21,5890,23554,4521,10913,5998,15498,8809,21661,10238,30421,2640,6038,1555,3886,1467,3254,3292,6997,1102,2824
22,3987,19062,3665,8467,3545,9430,5309,13919,9669,28581,1513,4016,1333,2561,1236,2299,3499,6148,483,1588
23,3198,19365,3357,6435,2760,6014,3348,10043,8706,27657,1087,2960,1273,2226,1013,2072,2985,5416,413,1194
