month,Beijing,Dingxi Shi,Guangzhou Shi,Lanzhou Shi,Shanghai
2015-09,157093,22979,49998,28820,157079
2015-10,195017,19641,65050,34288,205572
2015-11,60437,6885,17360,11120,55458
2015-12,110047,12150,32456,25045,106655
2016-01,135684,15391,34987,21465,143075
2016-02,88519,14432,31106,13382,96558
2017-01,202183,102784,70298,23256,182416
2017-02,227566,124953,83007,27658,205033
2017-03,380075,171431,123020,49847,286644
2017-04,232486,119897,85224,32221,192368
2017-05,295023,168811,111732,38956,260433
2017-06,335890,168872,115343,34340,300068
2017-07,386899,219260,143965,41160,349679
2017-08,481990,260174,172636,35313,303876
2017-09,476143,262924,146311,39231,245196
2017-10,69090,57068,28156,7380,44730
2017-11,380176,278462,167535,45725,284292
2017-12,339878,213032,118341,33803,261130
