city,freq,unique_lon,unique_lat,lon_min,lon_median,lon_max,lat_min,lat_median,lat_max
Nanjing Shi,1305058,2,2,118.7552943,118.796877,118.796877,32.055809,32.060255,32.060255
Guangzhou Shi,1365568,1,1,113.264385,113.264385,113.264385,23.12911,23.12911,23.12911
Taiwan,1999026,121,122,119.5644158,121.0105733,121.8363339,22.5662178,24.8050587,25.1771771
Wuhan Shi,1050703,2,2,114.305393,114.305393,114.305539,30.592849,30.593099,30.593099
Shanghai,2915865,5,5,121.4347096,121.473701,121.593264,31.2191829,31.230416,31.337508
Cangzhou Shi,3213,2,1,116.838834,116.838835,116.838835,38.304477,38.304477,38.304477
Beijing,3807399,5,5,116.2304616,116.407395,116.4690181,39.8072837,39.904211,40.2517868
Dingxi Shi,2147668,1,2,104.626282,104.626282,104.626282,35.580662,35.580663,35.580663
Hong Kong,1617000,12,12,113.9655419,114.1333,114.2,22.25,22.4060834,22.5333
Xiamen Shi,104297,3,4,117.818197,118.089425,118.114851,24.4344572,24.479834,24.479834
Chengdu Shi,904620,1,2,104.066801,104.066801,104.066801,30.572815,30.572816,30.572816
Chifeng Shi,673,2,2,118.886856,118.886856,118.886931,42.257817,42.257817,42.25785
Changsha Shi,757669,1,1,112.938814,112.938814,112.938814,28.228209,28.228209,28.228209
Changchun Shi,457532,1,2,125.323544,125.323544,125.323544,43.817071,43.817072,43.817072
Jinan Shi,502566,3,3,117.013218,117.12,117.120095,36.6512,36.651216,36.672481
Zhanjiang Shi,51976,2,2,110.359336,110.359336,110.359368,21.270702,21.270746,21.270746
Hangzhou Shi,962155,1,2,120.15507,120.15507,120.15507,30.274084,30.274085,30.274085
Wenzhou Shi,144396,2,1,120.699361,120.699362,120.699362,27.993828,27.993828,27.993828
Haerbin Shi,373054,2,2,126.534967,126.534967,126.6711805,45.7609652,45.803775,45.803775
Tianjin,670712,3,3,117.200983,117.200983,117.38682,39.084158,39.084158,39.4043961
Nanchang Shi,351555,2,1,115.858197,115.858198,115.858198,28.682892,28.682892,28.682892
Qingdao Shi,334013,3,3,120.382504,120.382609,120.412392,36.067108,36.067108,36.075651
Foshan Shi,28044,2,2,113.121435,113.121436,113.121436,23.021478,23.021479,23.021479
Sanming Shi,3480,1,2,117.638678,117.638678,117.638678,26.263406,26.263406,26.263407
Xinyang Shi,4514,2,2,114.091023,114.091023,114.091192,32.146984,32.146984,32.147679
Yantai Shi,38267,2,2,121.447852,121.447935,121.447935,37.463822,37.463822,37.464539
Taiyuan Shi,88222,1,1,112.548879,112.548879,112.548879,37.87059,37.87059,37.87059
Kunming Shi,217803,2,1,102.832891,102.832892,102.832892,24.880095,24.880095,24.880095
Xian Shi,669085,1,2,108.93977,108.93977,108.93977,34.341574,34.341575,34.341575
Lanzhou Shi,408890,2,1,103.834303,103.834304,103.834304,36.061089,36.061089,36.061089
Shenyang Shi,376430,1,1,123.431472,123.431472,123.431472,41.805699,41.805699,41.805699
Haikou Shi,75326,3,3,110.198286,110.198293,110.2643142,19.9431204,20.044002,20.044412
Quanzhou Shi,44698,2,1,118.675675,118.675676,118.675676,24.874132,24.874132,24.874132
Zhengzhou Shi,538862,1,1,113.625328,113.625328,113.625328,34.746611,34.746611,34.746611
Chongqing,490612,3,3,106.551556,106.551556,107.7448094,29.4315861,29.56301,30.1807061
Nanning Shi,175768,2,2,108.1865643,108.366543,108.366543,22.817002,22.817002,23.2005264
Guiyang Shi,134682,3,2,106.613124,106.630154,106.630154,26.6135555,26.647661,26.647661
Ningbo Shi,101793,1,1,121.54399,121.54399,121.54399,29.868336,29.868336,29.868336
Hefei Shi,512964,2,3,117.227219,117.227219,117.305301,31.820591,31.820592,31.87881
Fuzhou Shi,299192,4,3,116.358181,119.296494,119.296494,26.074478,26.074508,27.949217
Luoyang Shi,31110,2,2,112.453926,112.45404,112.45404,34.619683,34.619683,34.620202
Mianyang Shi,52164,2,2,104.678946,104.678946,104.679004,31.46746,31.467495,31.467495
Suzhou Shi,271165,3,3,116.964358,120.58529,120.58529,31.298974,31.298979,33.646357
Yanbian Chaoxianzuzizhizhou,56687,2,2,129.471868,129.471868,129.4718681,42.909408,42.909409,42.909409
Zhangzhou Shi,26089,1,1,117.647093,117.647093,117.647093,24.513025,24.513025,24.513025
Dalian Shi,247273,1,1,121.614682,121.614682,121.614682,38.914003,38.914003,38.914003
Shaoxing Shi,37877,2,2,120.246863,120.586109,120.586109,29.708692,29.995762,29.995762
Taizhou Shi,36621,3,3,119.922933,119.922933,121.42076,28.65638,32.455536,32.455536
Jiaxing Shi,32384,1,1,120.758543,120.758543,120.758543,30.753924,30.753924,30.753924
Zhangjiakou Shi,228046,1,2,114.886335,114.886335,114.886335,40.767544,40.767545,40.767545
Wuhu Shi,19588,1,1,118.432941,118.432941,118.432941,31.352859,31.352859,31.352859
Lishui Shi,13181,1,1,119.922796,119.922796,119.922796,28.46763,28.46763,28.46763
Baoding Shi,85083,2,1,115.464589,115.46459,115.46459,38.874434,38.874434,38.874434
Xianyang Shi,28489,1,1,108.708991,108.708991,108.708991,34.329605,34.329605,34.329605
Ganzhou Shi,15864,2,2,114.933546,114.93503,114.93503,25.830694,25.831829,25.831829
Jiujiang Shi,1407,1,1,116.00193,116.00193,116.00193,29.705077,29.705077,29.705077
Xuzhou Shi,65892,1,1,117.284124,117.284124,117.284124,34.205768,34.205768,34.205768
Changzhou Shi,38863,2,1,119.974061,119.974062,119.974062,31.811226,31.811226,31.811226
Nanyang Shi,7358,1,1,112.528308,112.528308,112.528308,32.990664,32.990664,32.990664
Zhenjiang Shi,50885,1,1,119.425836,119.425836,119.425836,32.187849,32.187849,32.187849
Jinzhou Shi,17101,2,1,121.1268459,121.126846,121.126846,41.095685,41.095685,41.095685
Huizhou Shi,5526,1,1,114.415801,114.415801,114.415801,23.112257,23.112257,23.112257
Jilin Shi,3172,1,1,126.549572,126.549572,126.549572,43.837883,43.837883,43.837883
Wuxi Shi,64969,3,4,120.1981726,120.31191,120.31191,31.491169,31.49117,31.6142965
Dongguan Shi,34961,2,1,113.751799,113.7518,113.7518,23.020673,23.020673,23.020673
Baotou Shi,106072,2,2,109.840313,109.840349,109.840349,40.657378,40.657378,40.657978
Wulumuqi Shi,66790,1,1,87.616848,87.616848,87.616848,43.825592,43.825592,43.825592
Xining Shi,15216,2,1,101.778223,101.778224,101.778224,36.617134,36.617134,36.617134
Zhuhai Shi,16359,2,1,113.576677,113.576678,113.576678,22.270978,22.270978,22.270978
Weifang Shi,5939,3,2,118.479622,119.161749,119.161749,36.684528,36.706962,36.706962
Maanshan Shi,8271,2,2,118.50676,118.50676,118.507011,31.67044,31.670452,31.670452
Jining Shi,13146,1,1,116.587282,116.587282,116.587282,35.414982,35.414982,35.414982
Zhaoqing Shi,1317,1,2,112.465091,112.465091,112.465091,23.047191,23.047192,23.047192
Yiyang Shi,54778,1,1,112.35518,112.35518,112.35518,28.55386,28.55386,28.55386
Kaifeng Shi,27621,2,1,114.307582,114.307583,114.307583,34.797281,34.797281,34.797281
Nantong Shi,40948,1,2,120.894291,120.894291,120.894291,31.980171,31.980172,31.980172
Changzhi Shi,1334,1,1,113.116404,113.116404,113.116404,36.195409,36.195409,36.195409
Yinchuan Shi,58495,2,2,106.230908,106.230909,106.230909,38.487193,38.487194,38.487194
Rikaze Shi,18774,1,2,88.880583,88.880583,88.880583,29.266869,29.26687,29.26687
Qinhuangdao Shi,26964,2,2,119.600493,119.600493,119.600523,39.935361,39.935385,39.935385
Jiangmen Shi,11138,1,1,113.081508,113.081508,113.081508,22.579117,22.579117,22.579117
Taian Shi,11156,1,1,117.087614,117.087614,117.087614,36.200252,36.200252,36.200252
Bengbu Shi,9065,1,1,117.389719,117.389719,117.389719,32.916287,32.916287,32.916287
Lianyungang Shi,7043,1,1,119.221611,119.221611,119.221611,34.596653,34.596653,34.596653
Maoming Shi,643,2,2,110.925439,110.925456,110.925456,21.662991,21.662999,21.662999
Huzhou Shi,10569,2,2,120.086809,120.086823,120.086823,30.894348,30.894348,30.89441
Anshan Shi,735,1,1,122.994329,122.994329,122.994329,41.108647,41.108647,41.108647
Huhehaote Shi,20963,2,2,111.749181,111.749181,111.749995,40.842356,40.842585,40.842585
Qingyang Shi,125,1,1,107.643631,107.643631,107.643631,35.709077,35.709077,35.709077
Qiqihaer Shi,3113,1,1,123.918186,123.918186,123.918186,47.354348,47.354348,47.354348
N/A,46680,4,4,86.0333,86.0333,114.341745,20.017378,44.3,44.3
Yongzhou Shi,3103,1,1,111.613445,111.613445,111.613445,26.420394,26.420394,26.420394
Huaihua Shi,1245,2,1,110.001922,110.001923,110.001923,27.569517,27.569517,27.569517
Langfang Shi,7069,1,1,116.683752,116.683752,116.683752,39.538047,39.538047,39.538047
Jian Shi,7092,2,2,114.964696,114.964696,115.731721,27.087637,27.087637,27.818354
Yichang Shi,27791,1,2,111.286471,111.286471,111.286471,30.691966,30.691967,30.691967
Longyan Shi,4304,2,1,117.017536,117.017537,117.017537,25.075123,25.075123,25.075123
Zigong Shi,1551,1,1,104.778442,104.778442,104.778442,29.33903,29.33903,29.33903
Xinxiang Shi,17519,3,3,113.805205,113.927016,113.927016,35.190836,35.303136,35.303704
Loudi Shi,1076,1,1,111.993497,111.993497,111.993497,27.700063,27.700063,27.700063
Fuyang Shi,5480,2,2,115.814205,115.814205,115.814504,32.890124,32.890124,32.890479
Yaan Shi,22300,1,1,103.013261,103.013261,103.013261,29.980537,29.980537,29.980537
Yulin Shi,1593,2,2,110.164756,110.164756,110.18122,22.636379,22.636379,22.654032
Zhuzhou Shi,15624,1,2,113.133853,113.133853,113.133853,27.827986,27.827987,27.827987
Jinhua Shi,18804,2,1,119.64742,119.647421,119.647421,29.079175,29.079175,29.079175
Liaoyang Shi,1487,1,1,123.236944,123.236944,123.236944,41.267244,41.267244,41.267244
Xiangtan Shi,1085,2,2,112.944026,112.944049,112.944049,27.829738,27.829738,27.829795
Xuchang Shi,4575,1,1,113.852454,113.852454,113.852454,34.035771,34.035771,34.035771
Lasa Shi,6195,2,2,91.140552,91.17211,91.17211,29.652491,29.652491,29.654838
Anqing Shi,2880,2,3,116.97412,117.115101,117.115101,30.531919,30.53192,31.0358
Hengyang Shi,21961,1,1,112.572018,112.572018,112.572018,26.893369,26.893369,26.893369
Leshan Shi,629,2,2,103.765568,103.765568,103.765678,29.552106,29.552106,29.552115
Fuxin Shi,3171,2,2,121.670273,121.670324,121.670324,42.021602,42.021619,42.021619
Jinzhong Shi,1739,2,2,112.752652,112.752653,112.752653,37.687357,37.687358,37.687358
Yangzhou Shi,8917,3,3,119.184766,119.412947,119.412947,32.272258,32.394213,32.394213
Chenzhou Shi,3457,2,2,113.014717,113.014718,113.014718,25.770509,25.77051,25.77051
Huaian Shi,4289,2,2,119.015288,119.015288,119.113185,33.551052,33.61036,33.61036
Jieyang Shi,29316,2,2,116.372708,116.372831,116.372831,23.549701,23.549993,23.549993
Yingkou Shi,4945,2,2,122.235084,122.235418,122.235418,40.667012,40.667012,40.667433
Anyang Shi,5594,2,1,114.392392,114.392393,114.392393,36.097577,36.097577,36.097577
Zibo Shi,7578,2,2,118.054927,118.054927,118.055019,36.813487,36.813487,36.813546
Guilin Shi,15943,2,1,110.179953,110.179954,110.179954,25.234479,25.234479,25.234479
Ningde Shi,4894,2,1,119.547932,119.547933,119.547933,26.665617,26.665617,26.665617
Yichun Shi,3808,3,2,114.416785,114.416786,128.841148,27.815743,27.815743,47.727536
Shaoyang Shi,1271,2,2,111.467674,111.467791,111.467791,27.238893,27.238893,27.23895
Jiaozuo Shi,2487,1,2,113.241823,113.241823,113.241823,35.215892,35.215893,35.215893
Suqian Shi,1047,1,1,118.275198,118.275198,118.275198,33.963232,33.963232,33.963232
Chengde Shi,1135,1,1,117.96275,117.96275,117.96275,40.952942,40.952942,40.952942
Huaibei Shi,16701,1,2,116.798265,116.798265,116.798265,33.955844,33.955845,33.955845
Deyang Shi,1295,1,2,104.397894,104.397894,104.397894,31.126855,31.126856,31.126856
Xingtai Shi,4705,2,2,114.504677,114.504844,114.504844,37.070589,37.070589,37.070834
Quzhou Shi,2924,1,2,118.859457,118.859457,118.859457,28.970079,28.97008,28.97008
Jiuquan Shi,156,2,2,98.494352,98.494352,98.494548,39.732819,39.732819,39.73287
Tongliao Shi,1738,1,1,122.243444,122.243444,122.243444,43.65289,43.65289,43.65289
Liaoyuan Shi,320,1,1,125.14366,125.14366,125.14366,42.887767,42.887767,42.887767
Jiamusi Shi,5277,2,2,130.318878,130.318879,130.318879,46.799777,46.799778,46.799778
Dezhou Shi,12106,2,2,116.357464,116.357465,116.357465,37.434092,37.434093,37.434093
Shantou Shi,530,1,1,116.681972,116.681972,116.681972,23.354091,23.354091,23.354091
Yancheng Shi,7383,2,2,115.858198,120.16366,120.16366,28.682892,33.347316,33.347316
Chuzhou Shi,3088,2,1,118.328321,118.328322,118.328322,32.253425,32.253425,32.253425
Huainan Shi,3437,2,1,116.999932,116.999933,116.999933,32.625478,32.625478,32.625478
Liuzhou Shi,3348,2,2,109.42841,109.42841,109.428608,24.326038,24.326038,24.326292
Linfen Shi,2536,2,1,111.518975,111.518976,111.518976,36.088005,36.088005,36.088005
Yuncheng Shi,826,2,2,111.00746,111.007529,111.007529,35.026412,35.026412,35.026516
Weinan Shi,337,2,2,109.502882,109.509786,109.509786,34.49938,34.499995,34.499995
Tongling Shi,597,2,2,117.811267,117.811267,117.81154,30.945515,30.945516,30.945516
Fushun Shi,7944,1,1,123.957208,123.957208,123.957208,41.880872,41.880872,41.880872
Ziyang Shi,110,1,1,104.627636,104.627636,104.627636,30.128901,30.128901,30.128901
Zunyi Shi,2792,1,1,106.927389,106.927389,106.927389,27.725654,27.725654,27.725654
Binzhou Shi,2433,2,1,117.970699,117.9707,117.9707,37.38198,37.38198,37.38198
Changde Shi,5096,2,2,111.698497,111.698497,111.698784,29.031654,29.031673,29.031673
Weihai Shi,6267,2,1,122.120419,122.12042,122.12042,37.513068,37.513068,37.513068
Jincheng Shi,324,1,2,112.851831,112.851831,112.851831,35.490701,35.490702,35.490702
Shaoguan Shi,1188,2,2,113.597547,113.597547,113.59762,24.810329,24.810329,24.810879
Handan Shi,4227,2,2,114.538961,114.538962,114.538962,36.625656,36.625657,36.625657
Bijie Shi,202,2,1,105.291643,105.291644,105.291644,27.283955,27.283955,27.283955
Jingdezhen Shi,5120,1,1,117.178443,117.178443,117.178443,29.268783,29.268783,29.268783
Huludao Shi,627,1,2,120.83694,120.83694,120.83694,40.71104,40.711041,40.711041
Heze Shi,2329,1,1,115.480656,115.480656,115.480656,35.23375,35.23375,35.23375
Macau,52359,3,3,113.55,113.55,113.5552031,22.2,22.2,22.2047465
Pingdingshan Shi,1996,1,2,113.192661,113.192661,113.192661,33.766169,33.76617,33.76617
Zhumadian Shi,2399,1,1,114.022298,114.022298,114.022298,33.011529,33.011529,33.011529
Taipa,419,2,2,113.563922,113.563922,113.563922,22.1596848,22.1596848,22.1596848
Nanchong Shi,6065,1,1,106.110698,106.110698,106.110698,30.837793,30.837793,30.837793
Yibin Shi,1112,2,2,104.643159,104.643215,104.643215,28.751769,28.751769,28.751836
Xiangyang Shi,1109,2,2,112.122415,112.122415,112.122426,32.008986,32.008986,32.009016
Qujing Shi,2586,1,1,103.796167,103.796167,103.796167,25.49,25.49,25.49
Hengshui Shi,1217,1,1,115.670177,115.670177,115.670177,37.73892,37.73892,37.73892
Neijiang Shi,1568,1,2,105.058433,105.058433,105.058433,29.580228,29.580229,29.580229
Hanzhong Shi,5056,1,1,107.023323,107.023323,107.023323,33.06748,33.06748,33.06748
Rizhao Shi,1535,1,1,119.526925,119.526925,119.526925,35.416734,35.416734,35.416734
Yangquan Shi,1693,1,2,113.580519,113.580519,113.580519,37.856971,37.856972,37.856972
Chaoyang Shi,2307,2,1,120.4493879,120.449388,120.449388,41.57365,41.57365,41.57365
Xishuangbanna Daizuzizhizhou,947,1,1,100.79715,100.79715,100.79715,22.008811,22.008811,22.008811
Huangshan Shi,2941,2,2,118.337521,118.337621,118.337621,29.714699,29.714748,29.714748
Dongying Shi,1500,2,2,118.674614,118.674767,118.674767,37.433963,37.434751,37.434751
Liaocheng Shi,464,1,1,115.98546,115.98546,115.98546,36.45703,36.45703,36.45703
Xuancheng Shi,422,2,2,118.758588,118.758588,118.75868,30.940195,30.94069,30.94069
Guigang Shi,215,2,2,109.598926,109.598927,109.598927,23.11153,23.111531,23.111531
Chaozhou Shi,1043,2,3,113.264385,116.622756,116.622756,23.12911,23.656704,23.656704
Shiyan Shi,2665,1,1,110.798266,110.798266,110.798266,32.629398,32.629398,32.629398
Datong Shi,477,1,2,113.300129,113.300129,113.300129,40.076762,40.076763,40.076763
Zaozhuang Shi,2168,1,2,117.323725,117.323725,117.323725,34.810487,34.810488,34.810488
Shangqiu Shi,1082,1,1,115.656339,115.656339,115.656339,34.414961,34.414961,34.414961
Xinyu Shi,289,1,1,114.917347,114.917347,114.917347,27.817809,27.817809,27.817809
Dali Baizuzizhizhou,1428,1,1,100.267638,100.267638,100.267638,25.606486,25.606486,25.606486
Danzhou Shi,1526,1,1,109.580811,109.580811,109.580811,19.521134,19.521134,19.521134
Panzhihua Shi,693,1,1,101.718637,101.718637,101.718637,26.582347,26.582347,26.582347
Baicheng Shi,66,1,1,122.838826,122.838826,122.838826,45.619588,45.619588,45.619588
Shuozhou Shi,1575,1,1,112.432825,112.432825,112.432825,39.331595,39.331595,39.331595
Luohe Shi,7194,1,1,114.016536,114.016536,114.016536,33.580873,33.580873,33.580873
Wuwei Shi,26,1,1,102.638201,102.638201,102.638201,37.928267,37.928267,37.928267
Yunfu Shi,147,1,1,112.044491,112.044491,112.044491,22.915094,22.915094,22.915094
Puyang Shi,226,2,1,115.029215,115.029216,115.029216,35.761829,35.761829,35.761829
Huangshi Shi,607,2,3,115.038835,115.038835,115.091139,30.20003,30.200031,30.2037163
Sanmenxia Shi,271,1,1,111.200367,111.200367,111.200367,34.772792,34.772792,34.772792
Baise Shi,1520,2,2,106.618201,106.618201,106.618283,23.902333,23.902333,23.902479
Beihai Shi,654,1,1,109.120161,109.120161,109.120161,21.481291,21.481291,21.481291
Wuzhou Shi,685,1,2,111.279115,111.279115,111.279115,23.476962,23.476963,23.476963
Bozhou Shi,183,1,1,115.778676,115.778676,115.778676,33.844582,33.844582,33.844582
Zhoukou Shi,1946,2,1,114.69695,114.696951,114.696951,33.626149,33.626149,33.626149
Eerduosi Shi,361,1,1,109.781327,109.781327,109.781327,39.608266,39.608266,39.608266
Heyuan Shi,183,1,2,114.700961,114.700961,114.700961,23.743685,23.743686,23.743686
Anshun Shi,526,1,1,105.947594,105.947594,105.947594,26.253072,26.253072,26.253072
Huanggang Shi,83,2,1,114.872199,114.8722,114.8722,30.453667,30.453667,30.453667
Qiandongnan Miaozudongzuzizhizhou,164,1,1,107.982859,107.982859,107.982859,26.583442,26.583442,26.583442
Kelamayi Shi,2476,1,1,84.889207,84.889207,84.889207,45.579889,45.579889,45.579889
Dandong Shi,478,2,1,124.35445,124.354451,124.354451,40.000787,40.000787,40.000787
Luan Shi,547,2,2,116.521442,116.521855,116.521855,31.7337,31.7337,31.734476
Guangyuan Shi,59,1,1,105.843357,105.843357,105.843357,32.435435,32.435435,32.435435
Xinzhou Shi,383,1,1,112.734174,112.734174,112.734174,38.416663,38.416663,38.416663
Ankang Shi,54,1,2,109.029022,109.029022,109.029022,32.684714,32.684715,32.684715
Qiannan Buyizumiaozuzizhizhou,64,1,1,107.522098,107.522098,107.522098,26.254092,26.254092,26.254092
Ezhou Shi,106,1,1,114.894843,114.894843,114.894843,30.39194,30.39194,30.39194
Qingyuan Shi,92,2,2,113.056031,113.056031,113.056042,23.681764,23.681764,23.681774
Zhongshan Shi,331,2,2,113.392725,113.392725,113.39277,22.516999,22.516999,22.517585
Yangjiang Shi,17,1,1,111.982232,111.982232,111.982232,21.857958,21.857958,21.857958
Luzhou Shi,374,2,2,105.44174,105.442258,105.442258,28.871569,28.871811,28.871811
Wenshan Zhuangzumiaozuzizhizhou,15,1,1,104.216248,104.216248,104.216248,23.400733,23.400733,23.400733
Laiwu Shi,511,2,2,117.676723,117.676724,117.676724,36.213813,36.213814,36.213814
Shangrao Shi,486,1,2,117.943433,117.943433,117.943433,28.454862,28.454863,28.454863
Honghe Hanizuyizuzizhizhou,52,1,1,103.374799,103.374799,103.374799,23.36313,23.36313,23.36313
Linyi Shi,97,1,1,118.356414,118.356414,118.356414,35.104674,35.104674,35.104674
Panjin Shi,330,1,1,122.070714,122.070714,122.070714,41.119997,41.119997,41.119997
Zhangjiajie Shi,66,1,1,110.479191,110.479191,110.479191,29.117096,29.117096,29.117096
Shijiazhuang Shi,933,2,2,114.51486,114.51486,114.514893,38.042307,38.042307,38.042805
Haikou,125,3,3,110.198293,110.3893477,110.5660295,19.7146218,19.9426973,20.044002
张家口市,1046,2,2,114.8715219,114.8715219,114.886335,40.767545,40.8215106,40.8215106
南京市,2020,1,1,118.7845649,118.7845649,118.7845649,32.0576984,32.0576984,32.0576984
金华市,71,1,1,119.6592194,119.6592194,119.6592194,29.1084154,29.1084154,29.1084154
Baoji Shi,600,1,1,107.237743,107.237743,107.237743,34.363184,34.363184,34.363184
贵阳市,11,1,1,106.7137431,106.7137431,106.7137431,26.5670405,26.5670405,26.5670405
Shuangyashan Shi,24,1,1,131.159133,131.159133,131.159133,46.646509,46.646509,46.646509
绍兴市,126,1,1,120.246863,120.246863,120.246863,29.708692,29.708692,29.708692
潍坊市,30,1,1,118.79074,118.79074,118.79074,36.85576,36.85576,36.85576
厦门市,322,2,2,118.0887434,118.0887434,118.08942,24.4545388,24.4545388,24.479836
Bayinguoleng Mengguzizhizhou,553,1,1,86.145298,86.145298,86.145298,41.764115,41.764115,41.764115
Yanan Shi,1030,1,1,109.489757,109.489757,109.489757,36.585445,36.585445,36.585445
Enshi Tujiazumiaozuzizhizhou,73,1,1,109.488172,109.488172,109.488172,30.272156,30.272156,30.272156
南宁市,179,2,2,108.366543,108.4186696,108.4186696,22.8127,22.8127,22.817002
盐城市,69,1,1,120.208714,120.208714,120.208714,33.429573,33.429573,33.429573
Xiaogan Shi,105,1,1,113.957037,113.957037,113.957037,30.917766,30.917766,30.917766
Guangzhou,80,1,1,113.264385,113.264385,113.264385,23.12911,23.12911,23.12911
邯郸市,30,1,1,114.530925,114.530925,114.530925,36.593881,36.593881,36.593881
Jinhua,34,1,1,119.6541265,119.6541265,119.6541265,29.1016547,29.1016547,29.1016547
德州市,13,1,1,116.295889,116.295889,116.295889,37.439496,37.439496,37.439496
枣庄市,9,2,2,117.164388,117.164388,117.556123,34.864114,35.084021,35.084021
Yingkou,2,1,1,123.8105182,123.8105182,123.8105182,41.8585358,41.8585358,41.8585358
Taian,4,1,1,119.5309588,119.5309588,119.5309588,35.4130637,35.4130637,35.4130637
牡丹江市,1,1,1,129.380482,129.380482,129.380482,44.594213,44.594213,44.594213
江门市,1,1,1,112.698545,112.698545,112.698545,22.376395,22.376395,22.376395
Jixi Shi,40,1,1,130.969333,130.969333,130.969333,45.295075,45.295075,45.295075
洛阳市,28,1,1,112.4362313,112.4362313,112.4362313,34.6862163,34.6862163,34.6862163
Qingdao,57,1,1,120.3831232,120.3831232,120.3831232,36.2666745,36.2666745,36.2666745
Wulanchabu Shi,41,2,2,111.749181,113.132585,113.132585,40.842585,40.994786,40.994786
泉州市,5,1,1,118.675676,118.675676,118.675676,24.874132,24.874132,24.874132
Benxi Shi,190,2,1,123.685142,123.685142,123.685143,41.486981,41.486981,41.486981
揭阳市,2,1,1,116.372831,116.372831,116.372831,23.549993,23.549993,23.549993
Dazhou Shi,96,1,1,107.468023,107.468023,107.468023,31.209572,31.209572,31.209572
Mudanjiang Shi,32,2,1,129.633168,129.633168,129.633169,44.551653,44.551653,44.551653
Akesu Diqu,8,1,1,80.260605,80.260605,80.260605,41.168779,41.168779,41.168779
Tieling Shi,479,1,1,123.726035,123.726035,123.726035,42.223828,42.223828,42.223828
Chizhou Shi,299,1,1,117.491568,117.491568,117.491568,30.6648,30.6648,30.6648
Yuxi Shi,349,1,1,102.527197,102.527197,102.527197,24.347324,24.347324,24.347324
Yueyang Shi,195,1,2,113.12873,113.12873,113.12873,29.356803,29.356804,29.356804
Tongren Shi,218,1,2,109.189598,109.189598,109.189598,27.731514,27.731515,27.731515
Baiyin Shi,821,1,1,104.138586,104.138586,104.138586,36.545015,36.545015,36.545015
Lvliang Shi,116,1,1,111.144319,111.144319,111.144319,37.518314,37.518314,37.518314
Laibin Shi,242,2,1,109.221465,109.221466,109.221466,23.750306,23.750306,23.750306
Changji Huizuzizhizhou,70,2,2,87.308224,87.308225,87.308225,44.011182,44.011183,44.011183
Puer Shi,139,1,1,100.966512,100.966512,100.966512,22.825066,22.825066,22.825066
Suizhou Shi,14,1,1,113.382458,113.382458,113.382458,31.690216,31.690216,31.690216
Hegang Shi,33,1,1,130.297964,130.297964,130.297964,47.349916,47.349916,47.349916
Suining Shi,227,1,1,105.592898,105.592898,105.592898,30.532847,30.532847,30.532847
Pingxiang Shi,134,1,1,113.854556,113.854556,113.854556,27.622768,27.622768,27.622768
Shizuishan Shi,115,2,1,106.383303,106.383304,106.383304,38.983236,38.983236,38.983236
Cotai,175,2,2,113.563922,113.563922,113.563922,22.1428869,22.1428869,22.1428869
Jingzhou Shi,86,2,2,112.239631,112.239741,112.239741,30.335165,30.335165,30.335237
Tonghua Shi,303,1,1,125.939697,125.939697,125.939697,41.728401,41.728401,41.728401
Nanping Shi,114,2,2,118.177708,118.177708,118.17771,26.641769,26.641769,26.641774
Wuhai Shi,82,2,2,106.794216,106.794216,106.794249,39.655248,39.655248,39.655389
Haidong Shi,13,1,2,102.104287,102.104287,102.104287,36.502039,36.50204,36.50204
Putian Shi,55,1,2,119.007777,119.007777,119.007777,25.454084,25.454085,25.454085
Qitaihe Shi,2684,1,1,131.003138,131.003138,131.003138,45.771727,45.771727,45.771727
Dehong Daizujingpozuzizhizhou,5,1,1,98.584895,98.584895,98.584895,24.433353,24.433353,24.433353
Qinzhou Shi,159,1,1,108.654147,108.654147,108.654147,21.979934,21.979934,21.979934
Qianxinan Buyizumiaozuzizhizhou,49,1,2,104.906397,104.906397,104.906397,25.087825,25.087825,25.087856
Suihua Shi,35,1,1,126.968887,126.968887,126.968887,46.653845,46.653845,46.653845
Yili Hasakezizhizhou,36,1,1,81.324136,81.324136,81.324136,43.916823,43.916823,43.916823
Anshan,2,1,1,121.6035334,121.6035334,121.6035334,38.9216356,38.9216356,38.9216356
Chongzuo Shi,76,1,1,107.364711,107.364711,107.364711,22.376533,22.376533,22.376533
Diqing Zangzuzizhizhou,7,1,1,99.702254,99.702254,99.702254,27.818757,27.818757,27.818757
Hami Diqu,10,1,1,93.515151,93.515151,93.515151,42.81842,42.81842,42.81842
Jiayuguan Shi,3,1,1,98.289152,98.289152,98.289152,39.77313,39.77313,39.77313
Shangluo Shi,80,1,1,109.940477,109.940477,109.940477,33.870422,33.870422,33.870422
吉安市,42,1,1,114.907733,114.907733,114.907733,27.03989,27.03989,27.03989
Hebi Shi,27,2,2,114.297201,114.297201,114.297273,35.747225,35.748233,35.748233
Tongchuan Shi,35,1,1,108.945233,108.945233,108.945233,34.896756,34.896756,34.896756
Yingtan Shi,10,1,1,117.069202,117.069202,117.069202,28.260189,28.260189,28.260189
Shenzhen Shi,64,1,1,114.057865,114.057865,114.057865,22.543096,22.543096,22.543096
Hechi Shi,10,1,1,108.085261,108.085261,108.085261,24.692931,24.692931,24.692931
Xiangxi Tujiazumiaozuzizhizhou,40,2,2,109.738781,109.739735,109.739735,28.312001,28.314296,28.314296
Hulunbeier Shi,103,2,2,119.765607,119.765607,119.765745,49.211575,49.211742,49.211742
Changsha,19,1,1,112.938814,112.938814,112.938814,28.228209,28.228209,28.228209
Bazhong Shi,52,1,1,106.747478,106.747478,106.747478,31.867903,31.867903,31.867903
Hangzhou,3,1,1,120.15507,120.15507,120.15507,30.274085,30.274085,30.274085
Xilinguole Meng,5,1,1,116.048222,116.048222,116.048222,43.933454,43.933454,43.933454
Nanchang,90,1,1,115.858197,115.858197,115.858197,28.682892,28.682892,28.682892
Shannan Diqu,3,1,1,91.773134,91.773134,91.773134,29.237137,29.237137,29.237137
菏泽市,1,1,1,115.5274768,115.5274768,115.5274768,34.8462876,34.8462876,34.8462876
Wuzhong Shi,47,1,1,106.198394,106.198394,106.198394,37.997461,37.997461,37.997461
濮阳市,2,1,1,115.029079,115.029079,115.029079,35.712193,35.712193,35.712193
Jingmen Shi,5,1,1,112.199427,112.199427,112.199427,31.035396,31.035396,31.035396
Kashi Diqu,17,1,1,75.989755,75.989755,75.989755,39.4704,39.4704,39.4704
Lincang Shi,16,1,1,100.088824,100.088824,100.088824,23.884154,23.884154,23.884154
Siping Shi,3,1,2,124.350398,124.350398,124.350398,43.166419,43.16642,43.16642
Xingan Meng,55,1,1,122.037657,122.037657,122.037657,46.082463,46.082463,46.082463
Baishan Shi,55,1,1,126.424251,126.424251,126.424251,41.940977,41.940977,41.940977
Suqian,9,1,1,118.1870454,118.1870454,118.1870454,33.4377894,33.4377894,33.4377894
Bayannaoer Shi,2,1,1,107.387657,107.387657,107.387657,40.743213,40.743213,40.743213
辽阳市,1,1,1,123.339312,123.339312,123.339312,41.426372,41.426372,41.426372
Tulufan Shi,1,1,1,89.189752,89.189752,89.189752,42.951303,42.951303,42.951303
