month,Beijing,Dingxi Shi,Guangzhou Shi,Hangzhou Shi,Lanzhou Shi,Shanghai,Brazil,China,India,Iran,Taiwan,United States,scihub
2017-01,202183,102784,70298,34895,23256,182416,423718,1379677,1069740,587465,100280,403318,9257598
2017-02,227566,124953,83007,52474,27658,205033,455411,1635794,1051750,617391,105612,436988,9854264
2017-03,380075,171431,123020,92225,49847,286644,652906,2499306,1168144,527704,166535,553725,12990139
2017-04,232486,119897,85224,64755,32221,192368,487745,1592051,771032,417841,114116,439915,8911780
2017-05,295023,168811,111732,76894,38956,260433,774089,2141455,1024099,628666,177185,1000672,13959687
2017-06,335890,168872,115343,69953,34340,300068,755937,2165781,1133225,556611,195780,1371975,14123204
2017-07,386899,219260,143965,93905,41160,349679,769319,2599168,1599236,712844,213772,2374604,18410282
2017-08,481990,260174,172636,133528,35313,303876,864250,2845876,1570966,664913,210329,1890269,17418110
2017-09,476143,262924,146311,96387,39231,245196,683290,2574217,1312935,558625,216190,1273235,15235240
2017-10,69090,57068,28156,17995,7380,44730,196702,474218,348645,190638,71623,209352,4071933
2017-11,380176,278462,167535,123503,45725,284292,638722,2723679,1329540,738366,246953,861340,15878921
2017-12,339878,213032,118341,105641,33803,261130,302703,2307443,764150,418925,180651,1175652,10764704
2015-09,157093,22979,49998,15590,28820,157079,205814,982815,628807,455419,10385,209802,4904318
2015-10,195017,19641,65050,18819,34288,205572,250090,1173804,668411,670875,12981,185790,6072147
2015-11,60437,6885,17360,5230,11120,55458,56328,342691,178694,185465,3655,61990,1849385
2015-12,110047,12150,32456,8665,25045,106655,96381,642602,398111,423213,9639,214228,3879510
2016-01,135684,15391,34987,10351,21465,143075,167930,776900,666796,397170,9704,172294,4901512
2016-02,88519,14432,31106,7019,13382,96558,244997,537264,873763,498893,12727,306858,6213091
