hour,A,B,C,D,type
0,234,17299,860,7595,北京
1,373,19510,1618,9913,北京
2,616,19293,2657,14187,北京
3,1452,56517,6205,48578,北京
4,3810,125440,13326,118203,北京
5,5216,154680,17704,155323,北京
6,4679,131651,15445,121914,北京
7,2505,68956,8805,57249,北京
8,2950,89223,9650,77330,北京
9,3981,127229,14078,122286,北京
10,5103,153644,17484,153592,北京
11,5289,156021,18352,157391,北京
12,4144,115823,14029,109333,北京
13,2818,70901,10093,62225,北京
14,3266,73426,11593,75018,北京
15,4231,88015,16630,97593,北京
16,5422,91039,21137,104782,北京
17,5568,75735,21991,86602,北京
18,3950,49718,16926,52185,北京
19,1974,32707,8924,26696,北京
20,976,23751,3817,13889,北京
21,443,19107,1739,8155,北京
22,269,16289,847,5644,北京
23,216,16430,614,5303,北京
0,146,7210,583,2120,上海
1,273,9822,1083,3405,上海
2,453,15052,1564,6256,上海
3,927,52046,3549,28147,上海
4,2098,115130,8261,75378,上海
5,3107,145977,11596,105854,上海
6,2338,113308,10017,79141,上海
7,1811,63697,6831,50725,上海
8,2106,91590,7894,77169,上海
9,2656,116647,9760,101007,上海
10,3200,128797,11476,112038,上海
11,3264,123157,11737,110377,上海
12,2297,76956,9036,68822,上海
13,2065,48266,7350,46501,上海
14,2768,56171,9726,56326,上海
15,3992,68831,14748,68820,上海
16,5015,71484,19161,73148,上海
17,5166,59474,20569,60343,上海
18,3733,40078,15437,40057,上海
19,1807,23489,8007,20276,上海
20,717,14273,3310,9508,上海
21,365,9186,1406,4477,上海
22,268,8232,602,3030,上海
23,148,6811,459,2374,上海
0,249,3595,688,3629,定西
1,525,5164,1355,6377,定西
2,729,8431,2567,9615,定西
3,1602,23505,5311,23450,定西
4,3307,46189,10816,50123,定西
5,5117,59837,15442,69286,定西
6,4577,49856,13467,61069,定西
7,3120,29676,9158,42543,定西
8,3149,34718,8847,45532,定西
9,4060,47311,10756,57100,定西
10,4798,58858,14292,69860,定西
11,5191,61669,16567,74728,定西
12,4192,45988,14009,61650,定西
13,3331,30552,10868,48896,定西
14,4141,34195,13513,56659,定西
15,6348,43072,19673,73849,定西
16,8197,48786,24757,86971,定西
17,8460,43420,25424,79367,定西
18,6093,32141,17933,58643,定西
19,3062,19148,8411,36727,定西
20,1056,11440,3170,22470,定西
21,493,6651,1388,12964,定西
22,247,4339,642,7747,定西
23,150,3925,351,4348,定西
0,677,3737,3313,3925,台湾
1,864,4149,4315,4362,台湾
2,1280,6534,5769,6657,台湾
3,2296,17380,8764,16696,台湾
4,4304,35046,14890,35790,台湾
5,6358,48824,21758,53002,台湾
6,6939,54227,23343,59908,台湾
7,4846,29288,15843,35610,台湾
8,5516,41590,17805,46061,台湾
9,7381,55738,24568,61685,台湾
10,8303,59106,27900,67850,台湾
11,8424,59654,27866,67174,台湾
12,6635,48157,22767,54228,台湾
13,4698,26570,16423,31607,台湾
14,4551,20276,17145,26881,台湾
15,6676,23359,25387,31537,台湾
16,8418,24728,33537,35837,台湾
17,9812,24207,38815,36071,台湾
18,9478,21686,38432,33396,台湾
19,6855,15984,29611,25136,台湾
20,3857,10664,18492,16709,台湾
21,2280,7590,10375,10225,台湾
22,1219,6011,5596,6402,台湾
23,742,4657,3582,4410,台湾
0,149,21536,378,12351,香港
1,128,21966,476,11780,香港
2,258,23181,754,12291,香港
3,466,26881,1603,16361,香港
4,1271,41729,4533,30075,香港
5,1958,51261,6774,40279,香港
6,2266,51066,7381,40319,香港
7,1432,39152,4407,28077,香港
8,1390,41320,4601,30070,香港
9,2165,50478,6587,37861,香港
10,2411,54621,8232,41607,香港
11,2537,55312,7952,42538,香港
12,2380,48843,7526,37896,香港
13,1641,38722,4375,27015,香港
14,1478,37396,4150,24070,香港
15,1724,37655,5044,25628,香港
16,2199,36708,6100,26089,香港
17,2260,36666,6326,25625,香港
18,1945,35377,5283,21713,香港
19,1339,30604,3359,17455,香港
20,733,27719,1958,14506,香港
21,396,25993,997,13273,香港
22,169,24350,618,13113,香港
23,135,23519,370,12339,香港
0,245139,1504309,942660,1500341,scihub
1,209931,1392171,802963,1333048,scihub
2,182460,1359375,686558,1219318,scihub
3,174495,1566598,653299,1499633,scihub
4,188669,1971148,719074,2214598,scihub
5,198509,2205684,773250,2669275,scihub
6,185278,2104020,729624,2525697,scihub
7,165706,2092954,661138,2218860,scihub
8,169340,2440800,706350,2575026,scihub
9,193868,2918135,829128,3221638,scihub
10,228450,3207368,961105,3619395,scihub
11,260021,3363884,1051029,3736154,scihub
12,279777,3321893,1090227,3508067,scihub
13,280882,3079929,1073425,3083962,scihub
14,290247,3022386,1102242,3081897,scihub
15,324537,3089564,1239825,3329279,scihub
16,373093,3128542,1439239,3547575,scihub
17,403653,3012268,1566315,3401301,scihub
18,387433,2726079,1522666,2991760,scihub
19,357266,2455237,1401730,2601824,scihub
20,338529,2271116,1320602,2329292,scihub
21,315629,2097347,1229837,2064583,scihub
22,294496,1950654,1126950,1846846,scihub
23,272772,1812464,1047328,1665824,scihub
