month,hour,freq1,freq2,freq3,freq4,type
1,0,223,177,49,351,Los Angeles
1,1,307,216,42,481,Los Angeles
1,2,263,227,49,441,Los Angeles
1,3,284,355,67,572,Los Angeles
1,4,597,1144,60,1681,Los Angeles
1,5,810,924,83,1651,Los Angeles
1,6,812,621,81,1352,Los Angeles
1,7,615,512,73,1054,Los Angeles
1,8,661,817,53,1425,Los Angeles
1,9,658,948,95,1511,Los Angeles
1,10,610,1242,52,1800,Los Angeles
1,11,667,1157,64,1760,Los Angeles
1,12,395,915,38,1272,Los Angeles
1,13,335,441,36,740,Los Angeles
1,14,341,439,37,743,Los Angeles
1,15,428,425,61,792,Los Angeles
1,16,498,466,57,907,Los Angeles
1,17,541,441,41,941,Los Angeles
1,18,337,402,50,689,Los Angeles
1,19,384,318,72,630,Los Angeles
1,20,285,272,38,519,Los Angeles
1,21,261,422,42,641,Los Angeles
1,22,278,277,74,481,Los Angeles
1,23,240,231,44,427,Los Angeles
2,0,188,257,58,387,Los Angeles
2,1,232,173,46,359,Los Angeles
2,2,259,211,50,420,Los Angeles
2,3,344,416,56,704,Los Angeles
2,4,455,1338,53,1740,Los Angeles
2,5,636,867,68,1435,Los Angeles
2,6,680,792,58,1414,Los Angeles
2,7,527,401,48,880,Los Angeles
2,8,608,710,62,1256,Los Angeles
2,9,579,837,61,1355,Los Angeles
2,10,771,987,74,1684,Los Angeles
2,11,582,947,65,1464,Los Angeles
2,12,425,849,34,1240,Los Angeles
2,13,282,543,28,797,Los Angeles
2,14,383,502,20,865,Los Angeles
2,15,404,464,34,834,Los Angeles
2,16,572,491,41,1022,Los Angeles
2,17,445,631,33,1043,Los Angeles
2,18,389,777,30,1136,Los Angeles
2,19,279,515,38,756,Los Angeles
2,20,323,586,64,845,Los Angeles
2,21,285,445,26,704,Los Angeles
2,22,250,316,56,510,Los Angeles
2,23,130,255,30,355,Los Angeles
3,0,332,269,70,531,Los Angeles
3,1,317,239,87,469,Los Angeles
3,2,355,248,98,505,Los Angeles
3,3,724,796,99,1421,Los Angeles
3,4,1174,1303,77,2400,Los Angeles
3,5,969,1553,67,2455,Los Angeles
3,6,939,1381,69,2251,Los Angeles
3,7,784,1249,66,1967,Los Angeles
3,8,716,1110,54,1772,Los Angeles
3,9,918,1337,90,2165,Los Angeles
3,10,947,1277,60,2164,Los Angeles
3,11,882,1357,68,2171,Los Angeles
3,12,766,809,68,1507,Los Angeles
3,13,575,740,15,1300,Los Angeles
3,14,527,755,22,1260,Los Angeles
3,15,679,832,56,1455,Los Angeles
3,16,663,768,63,1368,Los Angeles
3,17,597,838,63,1372,Los Angeles
3,18,581,788,85,1284,Los Angeles
3,19,510,722,66,1166,Los Angeles
3,20,408,660,42,1026,Los Angeles
3,21,412,530,42,900,Los Angeles
3,22,301,367,71,597,Los Angeles
3,23,307,316,54,569,Los Angeles
4,0,188,123,33,278,Los Angeles
4,1,194,175,43,326,Los Angeles
4,2,290,160,50,400,Los Angeles
4,3,324,443,62,705,Los Angeles
4,4,432,788,60,1160,Los Angeles
4,5,521,811,91,1241,Los Angeles
4,6,484,568,58,994,Los Angeles
4,7,365,467,31,801,Los Angeles
4,8,460,682,35,1107,Los Angeles
4,9,544,849,56,1337,Los Angeles
4,10,487,955,32,1410,Los Angeles
4,11,517,898,54,1361,Los Angeles
4,12,384,704,33,1055,Los Angeles
4,13,335,346,14,667,Los Angeles
4,14,324,311,20,615,Los Angeles
4,15,433,393,21,805,Los Angeles
4,16,531,471,31,971,Los Angeles
4,17,381,420,43,758,Los Angeles
4,18,397,431,23,805,Los Angeles
4,19,317,340,16,641,Los Angeles
4,20,489,262,43,708,Los Angeles
4,21,415,265,66,614,Los Angeles
4,22,305,115,23,397,Los Angeles
4,23,298,77,34,341,Los Angeles
5,0,1959,1592,48,3503,Los Angeles
5,1,2308,1568,61,3815,Los Angeles
5,2,1585,1623,90,3118,Los Angeles
5,3,1929,1859,85,3703,Los Angeles
5,4,1789,1968,73,3684,Los Angeles
5,5,2270,2253,67,4456,Los Angeles
5,6,2007,1907,53,3861,Los Angeles
5,7,1862,1772,74,3560,Los Angeles
5,8,1673,2178,48,3803,Los Angeles
5,9,2051,2185,90,4146,Los Angeles
5,10,2222,1994,52,4164,Los Angeles
5,11,1978,2399,47,4330,Los Angeles
5,12,2007,2375,54,4328,Los Angeles
5,13,1897,2092,32,3957,Los Angeles
5,14,2031,1748,25,3754,Los Angeles
5,15,2257,1773,27,4003,Los Angeles
5,16,2442,1917,36,4323,Los Angeles
5,17,2434,1974,41,4367,Los Angeles
5,18,2317,1934,71,4180,Los Angeles
5,19,2566,1773,36,4303,Los Angeles
5,20,2317,1642,61,3898,Los Angeles
5,21,2439,1607,85,3961,Los Angeles
5,22,2299,1796,78,4017,Los Angeles
5,23,2672,1563,65,4170,Los Angeles
6,0,3436,495,74,3857,Los Angeles
6,1,3431,453,69,3815,Los Angeles
6,2,3258,445,71,3632,Los Angeles
6,3,3492,672,70,4094,Los Angeles
6,4,3920,836,91,4665,Los Angeles
6,5,4180,931,69,5042,Los Angeles
6,6,4311,744,68,4987,Los Angeles
6,7,4099,480,59,4520,Los Angeles
6,8,4267,536,50,4753,Los Angeles
6,9,4312,609,47,4874,Los Angeles
6,10,4415,750,91,5074,Los Angeles
6,11,4560,822,85,5297,Los Angeles
6,12,3904,670,39,4535,Los Angeles
6,13,4039,378,17,4400,Los Angeles
6,14,5093,349,14,5428,Los Angeles
6,15,5049,459,26,5482,Los Angeles
6,16,4829,585,71,5343,Los Angeles
6,17,4740,641,49,5332,Los Angeles
6,18,4924,668,54,5538,Los Angeles
6,19,4823,717,81,5459,Los Angeles
6,20,5114,626,78,5662,Los Angeles
6,21,4886,593,65,5414,Los Angeles
6,22,4902,433,77,5258,Los Angeles
6,23,4818,342,66,5094,Los Angeles
7,0,8296,268,75,8489,Los Angeles
7,1,8309,389,87,8611,Los Angeles
7,2,8982,425,99,9308,Los Angeles
7,3,9487,433,81,9839,Los Angeles
7,4,10192,650,97,10745,Los Angeles
7,5,10690,578,90,11178,Los Angeles
7,6,10046,744,86,10704,Los Angeles
7,7,10029,451,85,10395,Los Angeles
7,8,9720,470,75,10115,Los Angeles
7,9,10533,614,64,11083,Los Angeles
7,10,10676,518,63,11131,Los Angeles
7,11,10638,593,64,11167,Los Angeles
7,12,10794,444,29,11209,Los Angeles
7,13,10346,233,19,10560,Los Angeles
7,14,10717,257,25,10949,Los Angeles
7,15,11506,293,31,11768,Los Angeles
7,16,11283,419,78,11624,Los Angeles
7,17,11274,436,54,11656,Los Angeles
7,18,10705,447,44,11108,Los Angeles
7,19,11223,485,60,11648,Los Angeles
7,20,11172,431,66,11537,Los Angeles
7,21,10505,321,70,10756,Los Angeles
7,22,10778,247,89,10936,Los Angeles
7,23,11037,196,50,11183,Los Angeles
8,0,4470,344,86,4728,Los Angeles
8,1,4604,426,70,4960,Los Angeles
8,2,5003,300,100,5203,Los Angeles
8,3,5457,276,100,5633,Los Angeles
8,4,5663,475,128,6010,Los Angeles
8,5,5772,379,89,6062,Los Angeles
8,6,5558,559,131,5986,Los Angeles
8,7,5643,348,99,5892,Los Angeles
8,8,5950,370,70,6250,Los Angeles
8,9,5873,396,87,6182,Los Angeles
8,10,6052,354,51,6355,Los Angeles
8,11,5400,386,51,5735,Los Angeles
8,12,5584,247,53,5778,Los Angeles
8,13,5513,179,33,5659,Los Angeles
8,14,5690,229,12,5907,Los Angeles
8,15,5695,268,49,5914,Los Angeles
8,16,5825,257,43,6039,Los Angeles
8,17,5565,281,70,5776,Los Angeles
8,18,5959,380,67,6272,Los Angeles
8,19,6022,272,87,6207,Los Angeles
8,20,6073,385,135,6323,Los Angeles
8,21,5916,310,103,6123,Los Angeles
8,22,5883,316,91,6108,Los Angeles
8,23,5998,301,89,6210,Los Angeles
9,0,3286,190,69,3407,Los Angeles
9,1,3301,290,102,3489,Los Angeles
9,2,3590,314,77,3827,Los Angeles
9,3,3557,226,88,3695,Los Angeles
9,4,3684,296,105,3875,Los Angeles
9,5,4285,323,82,4526,Los Angeles
9,6,3455,344,69,3730,Los Angeles
9,7,3769,253,92,3930,Los Angeles
9,8,4049,315,51,4313,Los Angeles
9,9,4028,303,112,4219,Los Angeles
9,10,3985,274,119,4140,Los Angeles
9,11,3700,286,81,3905,Los Angeles
9,12,3723,206,84,3845,Los Angeles
9,13,3906,125,39,3992,Los Angeles
9,14,3927,171,40,4058,Los Angeles
9,15,3913,185,47,4051,Los Angeles
9,16,3300,200,52,3448,Los Angeles
9,17,3590,180,47,3723,Los Angeles
9,18,3662,219,57,3824,Los Angeles
9,19,3656,247,67,3836,Los Angeles
9,20,3836,253,71,4018,Los Angeles
9,21,3928,196,80,4044,Los Angeles
9,22,3601,169,72,3698,Los Angeles
9,23,4369,161,63,4467,Los Angeles
10,0,345,70,15,400,Los Angeles
10,1,381,49,15,415,Los Angeles
10,2,266,34,16,284,Los Angeles
10,3,357,38,19,376,Los Angeles
10,4,317,33,19,331,Los Angeles
10,5,347,27,17,357,Los Angeles
10,6,373,42,23,392,Los Angeles
10,7,367,43,25,385,Los Angeles
10,8,354,53,31,376,Los Angeles
10,9,348,47,15,380,Los Angeles
10,10,339,51,10,380,Los Angeles
10,11,437,30,17,450,Los Angeles
10,12,327,31,10,348,Los Angeles
10,13,412,19,4,427,Los Angeles
10,14,326,32,1,357,Los Angeles
10,15,424,47,14,457,Los Angeles
10,16,175,18,13,180,Los Angeles
10,17,275,41,17,299,Los Angeles
10,18,233,38,14,257,Los Angeles
10,19,264,43,9,298,Los Angeles
10,20,350,58,14,394,Los Angeles
10,21,303,74,24,353,Los Angeles
10,22,292,37,18,311,Los Angeles
10,23,248,36,14,270,Los Angeles
11,0,1545,157,56,1646,Los Angeles
11,1,1449,243,78,1614,Los Angeles
11,2,1256,176,83,1349,Los Angeles
11,3,1688,191,63,1816,Los Angeles
11,4,1889,208,91,2006,Los Angeles
11,5,1515,244,106,1653,Los Angeles
11,6,1781,187,111,1857,Los Angeles
11,7,1040,148,66,1122,Los Angeles
11,8,1492,207,80,1619,Los Angeles
11,9,1572,283,114,1741,Los Angeles
11,10,1889,208,107,1990,Los Angeles
11,11,1526,200,71,1655,Los Angeles
11,12,2019,130,66,2083,Los Angeles
11,13,1237,101,37,1301,Los Angeles
11,14,1715,101,52,1764,Los Angeles
11,15,1425,120,59,1486,Los Angeles
11,16,1374,81,59,1396,Los Angeles
11,17,1590,90,85,1595,Los Angeles
11,18,1943,129,52,2020,Los Angeles
11,19,1562,149,48,1663,Los Angeles
11,20,1153,124,67,1210,Los Angeles
11,21,1553,150,93,1610,Los Angeles
11,22,1844,160,99,1905,Los Angeles
11,23,1400,148,73,1475,Los Angeles
12,0,3179,51,43,3187,Los Angeles
12,1,3655,55,57,3653,Los Angeles
12,2,3382,111,61,3432,Los Angeles
12,3,4447,215,119,4543,Los Angeles
12,4,3985,139,81,4043,Los Angeles
12,5,4535,241,91,4685,Los Angeles
12,6,3927,230,66,4091,Los Angeles
12,7,3678,233,57,3854,Los Angeles
12,8,3341,186,77,3450,Los Angeles
12,9,4896,228,114,5010,Los Angeles
12,10,5048,198,89,5157,Los Angeles
12,11,4016,190,82,4124,Los Angeles
12,12,4250,128,57,4321,Los Angeles
12,13,4947,128,63,5012,Los Angeles
12,14,4397,138,66,4469,Los Angeles
12,15,5551,91,57,5585,Los Angeles
12,16,5112,74,49,5137,Los Angeles
12,17,5473,23,30,5466,Los Angeles
12,18,5471,37,30,5478,Los Angeles
12,19,5324,34,23,5335,Los Angeles
12,20,5715,37,18,5734,Los Angeles
12,21,5764,79,46,5797,Los Angeles
12,22,5421,57,34,5444,Los Angeles
12,23,5705,59,53,5711,Los Angeles
