type,divide,count_ip,sum_date,freq,order
2015.9-2016.2,1天,2293166,2303224,7275573,1
2017,1天,10419419,10419419,26474031,1
2015.9-2016.2,2天,366436,732946,2739075,2
2017,2天,2122647,4245294,12476706,2
2015.9-2016.2,3天,119443,358335,1318024,3
2017,3天,759224,2277672,6860561,3
2015.9-2016.2,4-7天,141198,705926,2548223,4
2017,4-7天,933813,4694116,14052692,4
2015.9-2016.2,8-30天,83988,1160909,4586569,5
2017,8-30天,578548,7872838,24718505,5
2015.9-2016.2,30天以上,19896,1197666,9352501,6
2017,30天以上,124137,9398054,66293367,6
