divide,hour,freq,unique_ip,uniuqe_date,type
30天以上,0,1249146,56375,329,2017
1天,0,690307,396559,329,2017
2天,0,629041,277143,329,2017
3天,0,273999,117980,329,2017
4-7天,0,527950,200680,329,2017
8-30天,0,822006,204034,329,2017
30天以上,1,1122516,55003,329,2017
1天,1,728793,388490,329,2017
3天,1,225858,97036,329,2017
2天,1,444817,201603,329,2017
4-7天,1,464754,176944,329,2017
8-30天,1,751375,188906,329,2017
30天以上,2,1098452,59271,329,2017
1天,2,665860,348575,329,2017
2天,2,362130,164928,329,2017
8-30天,2,701581,176492,329,2017
3天,2,200123,84532,329,2017
4-7天,2,419565,159247,329,2017
1天,3,664881,341596,329,2017
2天,3,347787,156984,329,2017
3天,3,202102,85094,329,2017
30天以上,3,1515049,73400,329,2017
8-30天,3,733770,191814,329,2017
4-7天,3,430436,163062,329,2017
1天,4,750538,378988,329,2017
30天以上,4,2297866,76879,329,2017
4-7天,4,510526,185055,329,2017
3天,4,237116,96300,329,2017
8-30天,4,902130,216061,329,2017
2天,4,395313,173001,329,2017
3天,5,257784,102847,329,2017
1天,5,822125,407706,329,2017
30天以上,5,2773967,76852,329,2017
8-30天,5,1011633,225044,329,2017
4-7天,5,555661,197581,329,2017
2天,5,425548,182649,329,2017
2天,6,408571,174428,329,2017
1天,6,801459,393671,329,2017
30天以上,6,2614424,78324,329,2017
8-30天,6,941044,217783,329,2017
4-7天,6,527435,188595,329,2017
3天,6,251686,98435,329,2017
8-30天,7,825297,203713,329,2017
1天,7,765873,369374,329,2017
30天以上,7,2504488,79334,329,2017
2天,7,361984,155793,329,2017
4-7天,7,462740,167828,329,2017
3天,7,218276,86853,329,2017
8-30天,8,885328,210973,329,2017
30天以上,8,3070177,84766,329,2017
4-7天,8,468399,167698,329,2017
1天,8,856237,401754,329,2017
2天,8,387761,161357,329,2017
3天,8,223614,87074,329,2017
8-30天,9,1028687,236741,329,2017
30天以上,9,3905918,94110,329,2017
1天,9,1011935,474306,329,2017
3天,9,252047,97824,329,2017
4-7天,9,523473,187268,329,2017
2天,9,440709,184775,329,2017
3天,10,280612,112941,329,2017
2天,10,488749,210379,329,2017
30天以上,10,4348418,100344,329,2017
4-7天,10,589539,213906,329,2017
1天,10,1143546,548893,329,2017
8-30天,10,1165454,265103,329,2017
1天,11,1222134,602248,329,2017
30天以上,11,4486370,103024,329,2017
2天,11,521050,231512,329,2017
8-30天,11,1244691,284686,329,2017
4-7天,11,633440,234842,329,2017
3天,11,303403,124192,329,2017
30天以上,12,4261794,104076,329,2017
4-7天,12,633738,241037,329,2017
8-30天,12,1212275,289504,329,2017
1天,12,1266110,632099,329,2017
2天,12,525785,238935,329,2017
3天,12,300262,127733,329,2017
8-30天,13,1127010,282719,329,2017
30天以上,13,3751980,104503,329,2017
1天,13,1247505,628124,329,2017
2天,13,505696,232802,329,2017
4-7天,13,598989,234235,329,2017
3天,13,287018,124244,329,2017
30天以上,14,3679575,106617,329,2017
4-7天,14,604183,241340,329,2017
8-30天,14,1129363,290982,329,2017
1天,14,1275699,645871,329,2017
2天,14,517655,240639,329,2017
3天,14,290297,127597,329,2017
30天以上,15,3756879,108921,329,2017
1天,15,1414198,719414,329,2017
2天,15,581134,268734,329,2017
3天,15,327194,142902,329,2017
8-30天,15,1233426,311529,329,2017
4-7天,15,670374,265846,329,2017
4-7天,16,755319,294410,329,2017
1天,16,1606506,821523,329,2017
30天以上,16,3737792,109332,329,2017
2天,16,666871,308420,329,2017
3天,16,374189,161861,329,2017
8-30天,16,1347772,332288,329,2017
1天,17,1723536,884151,329,2017
4-7天,17,801545,309642,329,2017
30天以上,17,3363884,106916,329,2017
3天,17,401227,172292,328,2017
2天,17,718671,331818,328,2017
8-30天,17,1374674,337840,328,2017
30天以上,18,2832502,100017,329,2017
1天,18,1656439,852689,329,2017
2天,18,699579,324086,329,2017
3天,18,386001,167312,329,2017
8-30天,18,1286138,324337,329,2017
4-7天,18,767279,299899,329,2017
1天,19,1511147,784668,329,2017
2天,19,641168,301296,329,2017
30天以上,19,2434364,91585,329,2017
4-7天,19,707053,279125,329,2017
8-30天,19,1166120,301628,329,2017
3天,19,356205,155218,329,2017
1天,20,1409868,734420,329,2017
2天,20,609355,286348,329,2017
30天以上,20,2189657,82039,329,2017
4-7天,20,656054,258065,329,2017
8-30天,20,1066473,274833,329,2017
3天,20,328132,144350,329,2017
30天以上,21,1950636,72565,329,2017
1天,21,1277629,670350,329,2017
3天,21,305995,134540,329,2017
2天,21,581165,270239,329,2017
4-7天,21,612723,239034,329,2017
8-30天,21,979248,249779,329,2017
3天,22,287334,126534,329,2017
1天,22,1117136,594492,329,2017
30天以上,22,1761226,65006,329,2017
8-30天,22,910830,230483,329,2017
2天,22,568978,263548,329,2017
4-7天,22,573442,224372,329,2017
30天以上,23,1586287,59746,329,2017
3天,23,290087,126093,329,2017
4-7天,23,558075,216856,329,2017
8-30天,23,872180,218227,329,2017
1天,23,844570,480469,329,2017
2天,23,647189,289698,329,2017
1天,0,205746,98833,161,2015.9-2016.2
3天,0,62529,21596,162,2015.9-2016.2
30天以上,0,149352,8549,161,2015.9-2016.2
4-7天,0,100708,32307,161,2015.9-2016.2
8-30天,0,136475,27118,162,2015.9-2016.2
2天,0,201851,68744,161,2015.9-2016.2
4-7天,1,80057,27150,161,2015.9-2016.2
30天以上,1,106481,7788,161,2015.9-2016.2
8-30天,1,108130,23715,161,2015.9-2016.2
1天,1,207022,92972,161,2015.9-2016.2
2天,1,113443,42919,161,2015.9-2016.2
3天,1,45565,16822,161,2015.9-2016.2
30天以上,2,94313,8184,160,2015.9-2016.2
1天,2,191961,81918,160,2015.9-2016.2
3天,2,40563,14569,160,2015.9-2016.2
4-7天,2,74095,24046,160,2015.9-2016.2
2天,2,87964,32889,160,2015.9-2016.2
8-30天,2,111084,21997,160,2015.9-2016.2
30天以上,3,145000,10341,161,2015.9-2016.2
8-30天,3,112338,25029,161,2015.9-2016.2
1天,3,164720,71856,161,2015.9-2016.2
2天,3,71349,27455,161,2015.9-2016.2
4-7天,3,71358,23812,161,2015.9-2016.2
3天,3,35154,13140,161,2015.9-2016.2
30天以上,4,272445,10768,161,2015.9-2016.2
8-30天,4,153974,29193,161,2015.9-2016.2
1天,4,179295,77659,161,2015.9-2016.2
4-7天,4,87214,26942,161,2015.9-2016.2
2天,4,74875,28674,161,2015.9-2016.2
3天,4,39952,14681,161,2015.9-2016.2
8-30天,5,176776,30318,162,2015.9-2016.2
3天,5,43847,15565,162,2015.9-2016.2
2天,5,76887,29679,162,2015.9-2016.2
30天以上,5,333866,10940,162,2015.9-2016.2
1天,5,192177,82108,162,2015.9-2016.2
4-7天,5,97135,28633,162,2015.9-2016.2
8-30天,6,157779,29493,162,2015.9-2016.2
3天,6,43624,14733,162,2015.9-2016.2
30天以上,6,324169,11823,162,2015.9-2016.2
4-7天,6,88317,26810,162,2015.9-2016.2
2天,6,74105,27780,162,2015.9-2016.2
1天,6,191732,80305,162,2015.9-2016.2
3天,7,38271,12924,162,2015.9-2016.2
30天以上,7,334224,12566,162,2015.9-2016.2
2天,7,67733,24960,162,2015.9-2016.2
1天,7,189979,77776,162,2015.9-2016.2
8-30天,7,135356,27381,162,2015.9-2016.2
4-7天,7,76964,23785,162,2015.9-2016.2
1天,8,213643,85204,163,2015.9-2016.2
8-30天,8,159093,29365,163,2015.9-2016.2
30天以上,8,441688,13681,163,2015.9-2016.2
3天,8,39873,13143,163,2015.9-2016.2
4-7天,8,78514,24459,163,2015.9-2016.2
2天,8,69370,25565,163,2015.9-2016.2
30天以上,9,592181,15356,163,2015.9-2016.2
4-7天,9,90855,28081,163,2015.9-2016.2
8-30天,9,199416,34569,163,2015.9-2016.2
1天,9,254405,98551,163,2015.9-2016.2
3天,9,44938,15170,163,2015.9-2016.2
2天,9,81128,29003,163,2015.9-2016.2
30天以上,10,667421,16630,163,2015.9-2016.2
8-30天,10,235699,40073,163,2015.9-2016.2
2天,10,93538,33231,163,2015.9-2016.2
1天,10,287229,114780,163,2015.9-2016.2
4-7天,10,105449,32642,163,2015.9-2016.2
3天,10,51359,17610,163,2015.9-2016.2
8-30天,11,259223,44213,163,2015.9-2016.2
30天以上,11,697178,17094,163,2015.9-2016.2
4-7天,11,115666,36432,163,2015.9-2016.2
1天,11,307219,125977,163,2015.9-2016.2
2天,11,99125,36764,163,2015.9-2016.2
3天,11,56809,19462,163,2015.9-2016.2
1天,12,331235,135012,163,2015.9-2016.2
30天以上,12,690180,17401,163,2015.9-2016.2
8-30天,12,267928,45405,163,2015.9-2016.2
3天,12,58228,20459,163,2015.9-2016.2
2天,12,103012,38642,163,2015.9-2016.2
4-7天,12,115403,37811,163,2015.9-2016.2
30天以上,13,613945,17445,162,2015.9-2016.2
2天,13,102600,39007,162,2015.9-2016.2
1天,13,338935,139150,162,2015.9-2016.2
3天,13,56899,20285,162,2015.9-2016.2
4-7天,13,112241,37245,162,2015.9-2016.2
8-30天,13,251723,44239,162,2015.9-2016.2
30天以上,14,592911,17894,161,2015.9-2016.2
8-30天,14,244160,46008,161,2015.9-2016.2
2天,14,106992,41069,161,2015.9-2016.2
3天,14,58005,21207,161,2015.9-2016.2
4-7天,14,118546,38890,161,2015.9-2016.2
1天,14,350851,145008,161,2015.9-2016.2
30天以上,15,584357,18120,161,2015.9-2016.2
8-30天,15,251971,48586,161,2015.9-2016.2
3天,15,63015,22973,161,2015.9-2016.2
1天,15,378476,158324,161,2015.9-2016.2
2天,15,116036,44805,161,2015.9-2016.2
4-7天,15,127599,41943,161,2015.9-2016.2
1天,16,425589,177792,162,2015.9-2016.2
8-30天,16,263103,50091,162,2015.9-2016.2
4-7天,16,138867,45586,162,2015.9-2016.2
30天以上,16,568606,18093,162,2015.9-2016.2
3天,16,69005,25228,162,2015.9-2016.2
2天,16,129961,50161,162,2015.9-2016.2
1天,17,462709,192364,162,2015.9-2016.2
8-30天,17,251899,49500,162,2015.9-2016.2
30天以上,17,493729,17547,162,2015.9-2016.2
2天,17,143425,54442,162,2015.9-2016.2
3天,17,73699,26743,162,2015.9-2016.2
4-7天,17,144561,46738,162,2015.9-2016.2
8-30天,18,232233,45855,164,2015.9-2016.2
1天,18,470582,195639,164,2015.9-2016.2
30天以上,18,399904,16186,164,2015.9-2016.2
4-7天,18,143039,45235,164,2015.9-2016.2
3天,18,72417,26375,164,2015.9-2016.2
2天,18,144127,55157,164,2015.9-2016.2
8-30天,19,214031,41928,164,2015.9-2016.2
2天,19,143075,54314,164,2015.9-2016.2
4-7天,19,133125,42885,164,2015.9-2016.2
1天,19,459238,190881,164,2015.9-2016.2
30天以上,19,332884,14520,164,2015.9-2016.2
3天,19,69300,25029,164,2015.9-2016.2
8-30天,20,189369,37717,164,2015.9-2016.2
2天,20,138360,52767,164,2015.9-2016.2
4-7天,20,119668,39416,164,2015.9-2016.2
30天以上,20,285511,12989,164,2015.9-2016.2
3天,20,65542,23805,164,2015.9-2016.2
1天,20,437067,181971,164,2015.9-2016.2
8-30天,21,172150,33948,164,2015.9-2016.2
1天,21,402665,167938,164,2015.9-2016.2
2天,21,140310,52339,164,2015.9-2016.2
30天以上,21,246711,11541,164,2015.9-2016.2
4-7天,21,113266,37256,164,2015.9-2016.2
3天,21,63161,22840,164,2015.9-2016.2
1天,22,356040,151814,163,2015.9-2016.2
30天以上,22,217200,10316,163,2015.9-2016.2
2天,22,153278,55736,163,2015.9-2016.2
8-30天,22,158924,31433,163,2015.9-2016.2
4-7天,22,108707,35592,163,2015.9-2016.2
3天,22,61193,22524,163,2015.9-2016.2
8-30天,23,148168,29589,162,2015.9-2016.2
2天,23,206561,69990,162,2015.9-2016.2
1天,23,257970,122462,162,2015.9-2016.2
3天,23,64636,23024,162,2015.9-2016.2
30天以上,23,182432,9243,162,2015.9-2016.2
4-7天,23,107747,34836,162,2015.9-2016.2
