date,freq1,freq2,freq3,freq4
2017-01-01,3617,3652,966,6303
2017-01-02,5436,5079,1432,9083
2017-01-03,7092,6861,1892,12061
2017-01-04,7499,7160,1995,12664
2017-01-05,8299,7614,1827,14086
2017-01-06,6685,6699,1570,11814
2017-01-07,5155,5542,1484,9213
2017-01-08,5018,5895,1354,9559
2017-01-09,6709,7833,1959,12583
2017-01-10,7532,7998,1788,13742
2017-01-11,7393,8131,1863,13661
2017-01-12,7273,7510,1823,12960
2017-01-13,5863,7386,1768,11481
2017-01-14,4167,4900,1199,7868
2017-01-15,4629,5450,1424,8655
2017-01-16,6378,7576,1863,12091
2017-01-17,7044,7682,2031,12695
2017-01-18,6669,8011,1835,12845
2017-01-19,6861,8112,1855,13118
2017-01-20,6228,6835,1581,11482
2017-01-21,4823,6622,1202,10243
2017-01-22,4859,6742,1339,10262
2017-01-23,8014,7811,1891,13934
2017-01-24,7305,8204,1823,13686
2017-01-25,6679,7524,1898,12305
2017-01-26,6334,7029,1795,11568
2017-01-27,6334,6124,1561,10897
2017-01-28,4749,4292,1078,7963
2017-01-29,4890,4911,1231,8570
2017-01-30,6217,7244,1675,11786
2017-01-31,6742,8396,1931,13207
2017-02-01,7646,8497,1948,14195
2017-02-02,7669,8379,2019,14029
2017-02-03,6857,8295,1837,13315
2017-02-04,5519,6416,1335,10600
2017-02-05,5600,6641,1550,10691
2017-02-06,7153,8326,1755,13724
2017-02-07,8405,9422,2120,15707
2017-02-08,8768,9861,2480,16149
2017-02-09,7677,8742,2097,14322
2017-02-10,7971,8959,2244,14686
2017-02-11,5223,5620,1538,9305
2017-02-12,5755,6824,1855,10724
2017-02-13,8060,10931,2165,16826
2017-02-14,8102,10365,2115,16352
2017-02-15,8242,10134,2033,16343
2017-02-16,8467,10532,2235,16764
2017-02-17,7721,9859,2063,15517
2017-02-18,5862,7026,1658,11230
2017-02-19,5943,6220,1568,10595
2017-02-21,8235,9719,2462,15492
2017-02-22,8983,10214,2245,16952
2017-02-23,8146,9909,2155,15900
2017-02-24,8109,9566,1968,15707
2017-02-25,6132,7391,1555,11968
2017-02-26,6694,7638,1678,12654
2017-02-27,8172,10422,2291,16303
2017-02-28,8181,11788,2453,17516
2017-03-01,9192,10798,2805,17185
2017-03-02,8551,11777,2274,18054
2017-03-03,7996,10680,2297,16379
2017-03-04,6325,7573,1607,12291
2017-03-05,5827,7994,1669,12152
2017-03-06,8596,12006,2311,18291
2017-03-07,8870,12440,2326,18984
2017-03-08,8589,11424,2578,17435
2017-03-09,8462,10669,2211,16920
2017-03-10,7512,10155,2004,15663
2017-03-11,6079,7411,1321,12169
2017-03-12,5587,7565,1469,11683
2017-03-13,9188,12275,2099,19364
2017-03-14,9023,12276,2236,19063
2017-03-15,9600,11420,2346,18674
2017-03-16,8999,11107,2281,17825
2017-03-17,7724,10403,2040,16087
2017-03-18,6145,7349,1542,11952
2017-03-19,6521,8874,1666,13729
2017-03-20,8854,10867,2278,17443
2017-03-21,8776,10960,2303,17433
2017-03-22,8940,11641,2364,18217
2017-03-23,9320,11760,2403,18677
2017-03-24,8642,9890,2394,16138
2017-03-25,6482,7969,1705,12746
2017-03-26,8320,8320,3526,13114
2017-03-27,9577,11608,2490,18695
2017-03-29,9393,11434,2316,18511
2017-03-30,9208,10260,2245,17223
2017-03-31,8721,9801,2201,16321
2017-04-01,6746,7971,1605,13112
2017-04-02,6893,7443,1796,12540
2017-04-03,11353,9953,2386,18920
2017-04-04,10241,11170,2323,19088
2017-04-05,11555,12001,2485,21071
2017-04-06,13018,11587,2566,22039
2017-04-07,10027,10611,2256,18382
2017-04-08,8753,7978,1589,15142
2017-04-09,7048,7858,1655,13251
2017-04-10,11305,11874,2431,20748
2017-04-11,10944,12274,2726,20492
2017-04-12,12375,11851,2555,21671
2017-04-13,12094,11191,2524,20761
2017-04-14,9350,9620,2199,16771
2017-04-15,7338,7288,1964,12662
2017-04-16,7708,7991,1780,13919
2017-04-17,11349,11573,2851,20071
2017-04-18,11069,12193,2807,20455
2017-04-19,11475,12112,2719,20868
2017-04-20,11787,11461,2949,20299
2017-04-30,23256,8231,1900,29587
2017-05-01,22760,13010,2868,32902
2017-05-02,16367,13630,2921,27076
2017-05-03,21622,14247,2782,33087
2017-05-04,15855,13684,2729,26810
2017-05-05,19769,13136,2234,30671
2017-05-06,17508,8099,1484,24123
2017-05-07,21649,8165,1900,27914
2017-05-08,21773,12644,2698,31719
2017-05-09,19262,13163,2738,29687
2017-05-10,22111,13325,2634,32802
2017-05-11,21628,13816,2361,33083
2017-05-12,22703,13323,2156,33870
2017-05-13,16656,9237,1230,24663
2017-05-14,18929,10210,1457,27682
2017-05-15,23070,13776,2432,34414
2017-05-16,27740,11447,2270,36917
2017-05-17,25356,11796,2409,34743
2017-05-18,28003,11933,2276,37660
2017-05-19,20734,10995,1884,29845
2017-05-20,16533,9867,1484,24916
2017-05-21,16853,10290,1538,25605
2017-05-22,19254,13257,1934,30577
2017-05-23,15725,13825,2312,27238
2017-05-24,18296,13733,2300,29729
2017-05-25,15689,13362,2287,26764
2017-05-26,21594,12401,2012,31983
2017-05-27,28428,9512,1428,36512
2017-05-28,25134,9390,1216,33308
2017-05-29,33167,11402,1797,42772
2017-05-30,27459,12370,2231,37598
2017-06-01,36910,10610,2330,45190
2017-06-02,35667,10525,2567,43625
2017-06-03,32709,7032,1624,38117
2017-06-04,29730,8049,1472,36307
2017-06-05,32796,12504,2277,43023
2017-06-06,33241,15389,2260,46370
2017-06-07,33388,13560,2774,44174
2017-06-08,26137,12559,2281,36415
2017-06-09,24295,11075,1899,33471
2017-06-10,28552,7320,1359,34513
2017-06-11,26062,7092,1413,31741
2017-06-12,31491,11336,1933,40894
2017-06-13,33795,13580,2125,45250
2017-06-14,33798,13176,2263,44711
2017-06-15,31386,12768,2235,41919
2017-06-16,37067,10173,2003,45237
2017-06-17,33383,7924,1336,39971
2017-06-18,24997,6896,1374,30519
2017-06-19,32196,11577,1973,41800
2017-06-20,29919,12778,2251,40446
2017-06-21,28216,12620,2402,38434
2017-06-22,31306,10768,2113,39961
2017-06-23,32091,9920,2007,40004
2017-06-24,26156,6961,1505,31612
2017-06-25,27145,6800,1400,32545
2017-06-26,31074,9752,2201,38625
2017-06-27,30667,12212,2290,40589
2017-06-28,46795,11906,2265,56436
2017-06-29,70140,13161,2369,80932
2017-06-30,98748,12095,2126,108717
2017-07-01,71263,9245,1658,78850
2017-07-02,66933,7743,1597,73079
2017-07-03,62929,11555,2825,71659
2017-07-04,65676,10681,2074,74283
2017-07-05,61658,12337,2105,71890
2017-07-06,64553,12576,2399,74730
2017-07-07,61599,12379,2296,71682
2017-07-08,59523,9043,1641,66925
2017-07-09,52183,8613,1748,59048
2017-07-10,38864,12093,2413,48544
2017-07-11,48176,13444,2608,59012
2017-07-12,62371,14614,2490,74495
2017-07-13,85090,15424,2746,97768
2017-07-14,84310,14076,2281,96105
2017-07-15,70402,10611,1800,79213
2017-07-16,61898,9834,1536,70196
2017-07-17,52535,15926,2394,66067
2017-07-18,63492,15066,2625,75933
2017-07-19,74429,14007,2578,85858
2017-07-20,80039,11616,2446,89209
2017-07-21,66751,10841,2221,75371
2017-07-22,59364,7526,1707,65183
2017-07-23,62327,7957,2022,68262
2017-07-24,58472,12030,2298,68204
2017-07-25,63218,14990,2384,75824
2017-07-26,66118,14526,2556,78088
2017-07-27,62694,13334,2568,73460
2017-07-28,69242,12227,2370,79099
2017-07-29,61998,8438,1672,68764
2017-07-30,63967,7779,1834,69912
2017-07-31,90042,11957,2341,99658
2017-08-01,97077,12237,2630,106684
2017-08-02,91562,12178,2749,100991
2017-08-03,63430,13210,2890,73750
2017-08-04,86720,11408,2351,95777
2017-08-05,65262,8019,1786,71495
2017-08-06,59129,8945,2009,66065
2017-08-07,52955,12761,3212,62504
2017-08-08,51848,13165,3371,61642
2017-08-09,48767,13263,3374,58656
2017-08-10,47744,12624,2953,57415
2017-08-11,48542,12397,2784,58155
2017-08-12,51064,8055,2139,56980
2017-08-13,40092,8963,2152,46903
2017-08-14,47998,11529,2721,56806
2017-08-15,42383,12825,2718,52490
2017-08-16,42675,12267,2897,52045
2017-08-17,48336,13466,2880,58922
2017-08-18,34505,14044,2543,46006
2017-08-20,36927,9059,2203,43783
2017-08-21,58358,12316,2655,68019
2017-08-22,55450,14267,2787,66930
2017-08-23,47552,14887,2746,59693
2017-08-24,49853,13739,3262,60330
2017-08-25,43986,12032,2836,53182
2017-08-26,39485,8174,2114,45545
2017-08-27,36286,8658,2184,42760
2017-08-28,40473,12806,3034,50245
2017-08-29,39407,14549,3482,50474
2017-08-30,34680,12508,3486,43702
2017-08-31,31144,12228,3021,40351
2017-09-01,32723,11753,2983,41493
2017-09-02,24562,7929,2231,30260
2017-09-03,25266,8528,2140,31654
2017-09-04,34031,10784,2785,42030
2017-09-05,37944,12846,3299,47491
2017-09-06,36234,13433,3130,46537
2017-09-07,40037,12454,2946,49545
2017-09-08,32413,11535,2854,41094
2017-09-09,29649,7848,2034,35463
2017-09-10,27071,8646,2588,33129
2017-09-11,25478,12652,3156,34974
2017-09-12,19579,11098,2843,27834
2017-09-13,28368,9382,2542,35208
2017-09-14,28493,8971,2293,35171
2017-09-15,26928,8276,2145,33059
2017-09-16,36233,5549,1405,40377
2017-09-17,50444,6913,2023,55334
2017-09-18,32838,10482,2505,40815
2017-09-19,35985,10378,2500,43863
2017-09-20,28765,10742,2563,36944
2017-09-21,28170,10035,2729,35476
2017-09-22,34468,9604,2244,41828
2017-09-23,57979,7316,1689,63606
2017-09-24,52020,6857,1846,57031
2017-09-25,41326,10560,2777,49109
2017-09-26,29058,11096,2870,37284
2017-09-27,25581,10386,2741,33226
2017-09-28,37165,10164,2640,44689
2017-09-29,24077,9202,2391,30888
2017-09-30,18526,6405,1777,23154
2017-10-01,21969,6722,1852,26839
2017-10-02,23283,9238,2624,29897
2017-10-03,14624,10163,2711,22076
2017-10-04,13780,9196,2669,20307
2017-10-05,11789,8902,2634,18057
2017-10-06,12476,9015,2708,18783
2017-10-30,14776,12248,3562,23462
2017-10-31,15700,15471,3416,27755
2017-11-01,18575,13296,3253,28618
2017-11-02,15375,12015,3263,24127
2017-11-03,13921,12994,3544,23371
2017-11-04,10733,10835,2291,19277
2017-11-05,9928,10356,2425,17859
2017-11-06,16165,13562,3510,26217
2017-11-07,16846,13722,3763,26805
2017-11-08,16664,13566,3493,26737
2017-11-09,39392,14218,3551,50059
2017-11-10,26840,11764,3062,35542
2017-11-11,14654,8526,2206,20974
2017-11-12,14772,10465,2548,22689
2017-11-13,25720,11815,3487,34048
2017-11-14,25146,12346,3642,33850
2017-11-15,27106,11423,3459,35070
2017-11-16,25150,12581,3500,34231
2017-11-17,26292,11658,3134,34816
2017-11-18,13804,8004,1977,19831
2017-11-19,10212,9094,2254,17052
2017-11-20,13193,10403,3124,20472
2017-11-21,14989,9924,3189,21724
2017-11-22,35487,7837,1806,41518
2017-11-23,8641,6071,1505,13207
2017-11-24,7556,4653,1287,10922
2017-11-25,8049,4613,1492,11170
2017-11-26,9121,6281,1838,13564
2017-11-27,18749,10349,2419,26679
2017-11-28,21330,11665,2495,30500
2017-11-29,20882,9647,2126,28403
2017-11-30,21462,10903,2513,29852
2017-12-01,30697,9412,2277,37832
2017-12-02,36390,5232,1776,39846
2017-12-03,26651,4998,1992,29657
2017-12-04,23579,9445,2435,30589
2017-12-05,19442,8085,2322,25205
2017-12-06,24270,7842,2387,29725
2017-12-07,11121,6325,1812,15634
2017-12-08,15667,7067,1670,21064
2017-12-09,15994,5440,1354,20080
2017-12-10,14877,5617,1537,18957
2017-12-11,18207,7070,1873,23404
2017-12-12,16865,4006,1267,19604
2017-12-13,22581,3894,1141,25334
2017-12-14,21900,3879,1343,24436
2017-12-15,17273,4073,1401,19945
2017-12-16,291,1,17,275
2017-12-17,12292,3060,1105,14247
2017-12-18,27137,5022,1218,30941
2017-12-19,40354,7921,1525,46750
2017-12-20,34836,5839,1380,39295
2017-12-21,36640,6087,1344,41383
2017-12-22,40269,6353,1449,45173
2017-12-23,29726,9510,1406,37830
2017-12-24,39029,8917,1516,46430
2017-12-25,36179,7032,1222,41989
2017-12-26,50128,10163,1306,58985
2017-12-27,57308,7946,1421,63833
2017-12-28,65006,7005,1497,70514
2017-12-29,60271,5245,1616,63900
2017-12-30,71675,5342,1277,75740
2017-12-31,67156,4013,1237,69932
